--
-- PostgreSQL database dump
--

-- Dumped from database version 9.3.11
-- Dumped by pg_dump version 9.3.11
-- Started on 2016-02-22 22:21:13 AEDT

SET statement_timeout = 0;
SET lock_timeout = 0;
SET client_encoding = 'UTF8';
SET standard_conforming_strings = on;
SET check_function_bodies = false;
SET client_min_messages = warning;

SET search_path = public, pg_catalog;

SET default_tablespace = '';

SET default_with_oids = false;

--
-- TOC entry 181 (class 1259 OID 12555313)
-- Name: dataminestocks_py; Type: TABLE; Schema: public; Owner: postgres; Tablespace: 
--

CREATE TABLE dataminestocks_py (
    stockname text NOT NULL,
    correlation double precision,
    corrdate date,
    prediction double precision,
    preddate date,
    bestattributes text,
    bestcorrelation double precision,
    excludedattributes text,
    active boolean DEFAULT false NOT NULL,
    bestcost text,
    bestnu text,
    topredict boolean DEFAULT false NOT NULL,
    optimiseattr boolean DEFAULT false NOT NULL,
    error double precision
);


ALTER TABLE public.dataminestocks_py OWNER TO postgres;

--
-- TOC entry 177 (class 1259 OID 41750)
-- Name: downloadinstruments; Type: TABLE; Schema: public; Owner: postgres; Tablespace: 
--

CREATE TABLE downloadinstruments (
    instrument text NOT NULL,
    type text
);


ALTER TABLE public.downloadinstruments OWNER TO postgres;

--
-- TOC entry 182 (class 1259 OID 12566069)
-- Name: predictions; Type: TABLE; Schema: public; Owner: postgres; Tablespace: 
--

CREATE TABLE predictions (
    rundate date NOT NULL,
    stockname text NOT NULL,
    date date[],
    origprice double precision[],
    prediction double precision[]
);


ALTER TABLE public.predictions OWNER TO postgres;

--
-- TOC entry 2050 (class 0 OID 12555313)
-- Dependencies: 181
-- Data for Name: dataminestocks_py; Type: TABLE DATA; Schema: public; Owner: postgres
--

COPY dataminestocks_py (stockname, correlation, corrdate, prediction, preddate, bestattributes, bestcorrelation, excludedattributes, active, bestcost, bestnu, topredict, optimiseattr, error) FROM stdin;
APA.AX	0.72589999999999999	2015-12-24	-0.224000000000000005	2015-12-24	a1,a2,a3,a4,a5,a6,aord_a1,aord_a2,aord_a3,aord_a4,aord_a5,aord_a6,n225_a1,n225_a2,n225_a3,n225_a4,n225_a5,n225_a6,ndx_a1,ndx_a2,ndx_a3,ndx_a4,ndx_a5,ndx_a6,dji_a1,dji_a2,dji_a3,dji_a4,dji_a5,dji_a6,ftse_a1,ftse_a2,ftse_a3,ftse_a4,ftse_a5,ftse_a6,gdaxi_a2,gdaxi_a3,ssec_a6,hsi_a1,hsi_a2,hsi_a3,hsi_a4,hsi_a5,hsi_a6,bsesn_a1,bsesn_a2,bsesn_a3,bsesn_a4,bsesn_a5,bsesn_a6,jkse_a1,jkse_a2,jkse_a4,jkse_a5,jkse_a6,nz50_a1,nz50_a2,nz50_a3,nz50_a4,nz50_a5,nz50_a6,sti_a1,sti_a2,sti_a3,sti_a4,sti_a5,sti_a6,ks11_a1,ks11_a2,ks11_a3,ks11_a4,ks11_a5,ks11_a6,twii_a1,twii_a2,twii_a3,twii_a4,twii_a5,twii_a6,bvsp_a2,bvsp_a3,bvsp_a4,bvsp_a5,bvsp_a6,gsptse_a1,gsptse_a2,gsptse_a3,gsptse_a4,gsptse_a5,gsptse_a6,mxx_a1,mxx_a2,mxx_a3,mxx_a4,mxx_a5,mxx_a6,gspc_a1,gspc_a2,gspc_a3,gspc_a4,gspc_a5,gspc_a6,atx_a1,atx_a2,atx_a3,atx_a4,atx_a5,atx_a6,bfx_a1,bfx_a2,bfx_a3,bfx_a4,bfx_a5,bfx_a6,fchi_a1,fchi_a2,fchi_a3,fchi_a4,fchi_a5,fchi_a6,oseax_a1,oseax_a2,oseax_a3,oseax_a4,oseax_a5,oseax_a6,omxspi_a2,omxspi_a3,omxspi_a4,omxspi_a5,ssmi_a1,ssmi_a2,ssmi_a3,ssmi_a4,ssmi_a5,ssmi_a6,gd_a6,eurusd_a1,eurusd_a2,eurusd_a3,eurusd_a4,eurusd_a5,eurusd_a6,usdjpy_a1,usdjpy_a2,usdjpy_a3,usdjpy_a4,usdjpy_a5,usdjpy_a6,usdchf_a1,usdchf_a2,usdchf_a3,usdchf_a4,usdchf_a5,usdchf_a6,gbpusd_a1,gbpusd_a2,gbpusd_a3,gbpusd_a4,gbpusd_a5,gbpusd_a6,usdcad_a1,usdcad_a2,usdcad_a3,usdcad_a4,usdcad_a5,usdcad_a6,eurgbp_a1,eurgbp_a2,eurgbp_a3,eurgbp_a4,eurgbp_a5,eurgbp_a6,eurjpy_a1,eurjpy_a2,eurjpy_a3,eurjpy_a4,eurjpy_a5,eurjpy_a6,eurchf_a1,eurchf_a2,eurchf_a3,eurchf_a4,eurchf_a5,eurchf_a6,audusd_a1,audusd_a2,audusd_a3,audusd_a4,audusd_a5,audusd_a6,gbpjpy_a1,gbpjpy_a2,gbpjpy_a3,gbpjpy_a4,gbpjpy_a5,gbpjpy_a6,chfjpy_a1,chfjpy_a2,chfjpy_a3,chfjpy_a4,chfjpy_a5,chfjpy_a6,gbpchf_a1,gbpchf_a2,gbpchf_a3,gbpchf_a4,gbpchf_a5,gbpchf_a6,nzdusd_a1,nzdusd_a2,nzdusd_a3,nzdusd_a4,nzdusd_a5,nzdusd_a6,cmd_gaz_a6,cmd_gld_a1,cmd_gld_a2,cmd_gld_a3,cmd_gld_a4,cmd_gld_a5,cmd_gld_a6,cmd_hevy_a1,cmd_hevy_a2,cmd_hevy_a3,cmd_hevy_a4,cmd_hevy_a5,cmd_hevy_a6,cmd_lstk_a1,cmd_lstk_a2,cmd_lstk_a3,cmd_lstk_a4,cmd_lstk_a5,cmd_lstk_a6,cmd_nini_a1,cmd_nini_a2,cmd_nini_a3,cmd_nini_a4,cmd_nini_a5,cmd_nini_a6,cmd_pplt_a5,cmd_pplt_a6,next5	0.740199999999999969	37,40,41,42,43,44,45,46,47,63,91,139,144,151,152,153,154,155,235,236,237,238,239,240,241,242,243,244,245,246,247,248,249,250,251,252,253,254,255,256,257,258,259,260,261,262,263,264,265,266,267,268,269,283,284,285,286,287,288,301,302,303,304,305,306,307,308,309,310,311,312,313,314,315,316,319,320,321,322,323,324,325,326,327,328,329,330,331,332,333,334,335,336,337,338,339,340,341,342	f	\N	\N	f	f	\N
MPL.AX	0.808300000000000018	2015-12-24	0.241999999999999993	2015-12-24	a1,a2,a3,a4,a5,a6,aord_a1,aord_a2,aord_a3,aord_a4,aord_a5,aord_a6,n225_a1,ndx_a1,ndx_a2,ndx_a3,ndx_a4,ndx_a5,ndx_a6,dji_a1,dji_a2,dji_a3,dji_a4,dji_a5,dji_a6,ftse_a1,ssec_a6,hsi_a1,hsi_a2,hsi_a4,hsi_a5,hsi_a6,bsesn_a1,bsesn_a2,bsesn_a3,bsesn_a4,bsesn_a5,bsesn_a6,jkse_a1,jkse_a2,jkse_a3,jkse_a4,jkse_a5,jkse_a6,nz50_a1,nz50_a2,nz50_a3,nz50_a4,nz50_a5,nz50_a6,sti_a1,sti_a2,sti_a3,sti_a4,sti_a5,sti_a6,ks11_a1,ks11_a2,ks11_a3,ks11_a4,ks11_a5,ks11_a6,twii_a1,twii_a2,twii_a4,twii_a5,twii_a6,bvsp_a1,bvsp_a2,bvsp_a3,bvsp_a4,bvsp_a5,bvsp_a6,gsptse_a1,gsptse_a2,gsptse_a3,gsptse_a4,gsptse_a5,gsptse_a6,mxx_a1,mxx_a2,mxx_a3,mxx_a4,mxx_a5,mxx_a6,gspc_a1,gspc_a2,gspc_a3,gspc_a4,gspc_a5,gspc_a6,atx_a1,atx_a2,atx_a3,atx_a4,atx_a5,bfx_a1,oseax_a1,oseax_a2,oseax_a3,oseax_a4,oseax_a5,oseax_a6,gd_a6,eurusd_a1,eurusd_a2,eurusd_a3,eurusd_a4,eurusd_a5,eurusd_a6,usdjpy_a1,usdjpy_a2,usdjpy_a3,usdjpy_a4,usdjpy_a5,usdjpy_a6,usdchf_a1,usdchf_a2,usdchf_a3,usdchf_a4,usdchf_a5,usdchf_a6,gbpusd_a1,gbpusd_a2,gbpusd_a3,gbpusd_a4,gbpusd_a5,gbpusd_a6,usdcad_a1,usdcad_a2,usdcad_a3,usdcad_a4,usdcad_a5,usdcad_a6,eurgbp_a1,eurgbp_a2,eurgbp_a3,eurgbp_a4,eurgbp_a5,eurgbp_a6,eurjpy_a1,eurjpy_a2,eurjpy_a3,eurjpy_a4,eurjpy_a5,eurjpy_a6,eurchf_a1,eurchf_a2,eurchf_a3,eurchf_a4,eurchf_a5,eurchf_a6,audusd_a1,audusd_a2,audusd_a3,audusd_a4,audusd_a5,audusd_a6,gbpjpy_a1,gbpjpy_a2,gbpjpy_a3,gbpjpy_a4,gbpjpy_a5,gbpjpy_a6,chfjpy_a1,chfjpy_a2,chfjpy_a3,chfjpy_a4,chfjpy_a5,chfjpy_a6,gbpchf_a1,gbpchf_a2,gbpchf_a3,gbpchf_a4,gbpchf_a5,gbpchf_a6,nzdusd_a1,nzdusd_a2,nzdusd_a3,nzdusd_a4,nzdusd_a5,nzdusd_a6,cmd_choc_a6,cmd_corn_a1,cmd_corn_a2,cmd_corn_a3,cmd_corn_a4,cmd_corn_a5,cmd_corn_a6,cmd_cupm_a1,cmd_cupm_a2,cmd_cupm_a3,cmd_cupm_a4,cmd_foil_a1,cmd_foil_a6,cmd_gaz_a6,cmd_gld_a2,cmd_gld_a4,cmd_hevy_a1,cmd_hevy_a2,cmd_hevy_a3,cmd_hevy_a4,cmd_hevy_a5,cmd_hevy_a6,cmd_ledd_a2,cmd_ledd_a3,cmd_ledd_a4,cmd_ledd_a5,cmd_ledd_a6,cmd_lstk_a1,cmd_sgar_a1,cmd_sgar_a2,cmd_sgar_a3,cmd_sgar_a4,cmd_sgar_a5,cmd_soyb_a2,cmd_soyb_a3,cmd_soyb_a4,next5	0.682599999999999985	14,15,16,17,18,32,33,34,35,36,37,38,39,40,41,42,43,44,45,46,47,51,87,120,122,123,124,125,126,127,128,129,130,131,132,139,140,141,142,143,144,145,146,147,148,149,150,151,152,153,154,155,235,236,237,238,239,247,248,249,250,251,252,257,258,260,261,262,263,265,266,267,268,269,271,273,275,276,283,290,291,292,293,294,295,296,297,298,299,300,301,302,303,304,305,306,307,308,309,310,311,312,313,314,315,316,317,318,324,325,326,327,328,329,330,331,335,336,337,338,339,340,341,342	f	\N	\N	f	f	\N
AMC.AX	0.691899999999999959	2015-12-24	-0.00100000000000000002	2015-12-24	\N	0.626299999999999968	1,10,13,14,15,16,17,18,31,35,36,37,39,40,41,42,48,99,100,101,102,106,107,108,130,131,132,139,140,141,142,143,144,145,146,147,148,149,150,151,152,153,154,155,156,157,158,159,160,161,162,163,164,165,166,167,168,169,170,171,172,173,174,175,176,177,178,179,180,181,182,183,184,185,186,187,188,189,190,191,192,193,194,195,196,197,198,199,200,201,202,205,206,207,208,211,212,213,217,218,219,220,223,224,225,230,231	f	\N	\N	f	f	\N
ASX.AX	0.729400000000000048	2015-12-24	-0.129000000000000004	2015-12-24	\N	0.710799999999999987	19,20,21,22,23,24,25,26,27,28,29,30,37,38,39,40,41,42,43,44,45,46,47,48,49,54,55,56,57,58,59,60,61,62,63,64,65,66,73,85,86,87,88,89,90,91,92,93,94,95,96,97,98,99,109,110,111,112,113,114,115,116,119,120,121,122,127,128,129,130,131,132,133,134,135,136,137,138,139,140,141,142,143,144,145,146,147,148,149,150,151,152,153,154,155,157,158,163,164,169,170,175,176,181,182,187,188,193,194,199,200,205,206,211,212,217,218,223,224,230	f	\N	\N	f	f	\N
AGL.AX	0.722500000000000031	2015-12-24	-0.0439999999999999974	2015-12-24	\N	0.625399999999999956	13,14,15,16,17,18,19,23,25,31,36,37,43,44,45,49,50,51,52,53,54,55,59,60,61,62,63,65,66,73,85,86,87,88,89,90,91,92,93,94,95,96,97,104,107,108,109,110,111,112,113,114,115,119,120,125,126,127,128,129,130,131,132,133,134,138,139,140,141,142,143,144,145,149,150,151,152,153,154,155,156,158,164,170,176,182,188,194,200,206,212,218,224,230	f	\N	\N	f	f	\N
CPU.AX	0.696699999999999986	2015-12-24	-0.0550000000000000003	2015-12-24	\N	0.663599999999999968	19,20,37,38,39,40,41,42,43,44,45,46,47,61,62,63,64,65,66,73,74,76,77,91,92,93,98,103,104,105,106,107,108,115,116,117,121,122,123,124,125,126,127,128,129,130,131,132,133,134,135,136,137,139,140,141,142,143,144,145,146,147,148,149,150,152,153,154,155,157,158,159,160,163,164,165,166,167,169,170,171,172,175,176,177,178,181,182,183,184,187,188,189,190,193,194,195,196,199,200,202,205,206,208,211,212,213,214,218,220,223,224,226,229,230,232	f	\N	\N	f	f	\N
SHL.AX	0.764499999999999957	2015-12-24	0.131000000000000005	2015-12-24	\N	0.703600000000000003	13,19,20,21,22,23,24,43,44,45,46,47,48,49,50,51,52,53,54,61,62,63,64,66,73,75,76,77,78,85,86,87,91,92,93,94,95,96,111,113,115,116,117,118,119,120,121,122,123,124,125,126,128,129,130,131,132,133,134,135,136,137,138,139,140,141,142,143,144,145,146,147,148,149,150,151,152,153,154,155,156,157,160,163,166,169,172,175,176,178,181,184,187,190,193	f	\N	\N	f	f	\N
GPT.AX	0.709899999999999975	2015-12-24	-0.0050000000000000001	2015-12-24	\N	0.61509999999999998	13,18,19,20,21,22,23,24,25,26,27,28,29,30,31,34,35,36,37,40,41,42,43,44,45,46,49,50,53,54,55,56,57,58,59,60,62,63,64,65,66,85,86,91,92,93,94,95,96,97,98,99,100,101,102,107,108,109,110,111,112,113,114,115,119,120,126,127,128,129,130,131,132,133,139,140,141,142,143,144,145,148,149,150,151,152,153,154,155,156,157,163,169,175,176,181,182,187,188,193,194,199,205,206,211,212,217,218,223,224,229,230	f	\N	\N	f	f	\N
CCL.AX	0.756900000000000017	2015-12-24	-0.0980000000000000038	2015-12-24	\N	0.721999999999999975	19,37,38,39,40,41,42,43,44,46,49,50,51,52,53,61,62,63,64,65,66,91,92,93,94,95,96,103,104,105,106,107,108,127,128,129,130,131,132,133,134,135,136,137,138,140,141,142,143,145,146,147,148,149,150,151,152,153,154,155,156,157,158,159,160,161,162,163,164,165,166,167,168,169,170,171,172,173,175,176,181,182,183,188,193,194,200,201,206,207,212,217,218,223,224,229,230	f	\N	\N	f	f	\N
MGR.AX	0.783299999999999996	2015-12-24	-0.345999999999999974	2015-12-24	\N	0.679899999999999949	19,20,21,22,23,24,25,26,27,28,29,30,43,44,45,46,47,49,50,52,53,54,55,58,59,60,62,63,64,65,66,85,86,88,91,92,93,94,95,96,97,98,102,109,110,111,112,113,114,115,116,120,121,122,123,124,125,126,127,128,129,130,131,132,133,138,139,140,141,142,143,144,145,146,147,148,149,150,151,152,153,154,155,156	f	\N	\N	f	f	\N
GMG.AX	0.775599999999999956	2015-12-24	-0.309999999999999998	2015-12-24	\N	0.660499999999999976	13,16,18,19,20,21,22,23,24,25,26,27,28,29,30,31,37,40,41,42,43,44,45,46,47,48,49,50,51,52,53,54,55,56,57,58,59,60,61,62,63,64,65,66,73,86,87,88,89,90,91,92,94,95,96,97,98,103,104,105,106,107,108,109,110,111,112,113,114,117,118,121,122,123,124,125,126,127,128,129,130,131,132,133,134,135,138,139,140,141,142,143,144,145,146,150,151,152,153,154,155,157,160,161,163,166,169,172,173,175,178,181,184,190,196,202,208,214,220,226,232	f	\N	\N	f	f	\N
AZJ.AX	0.81789999999999996	2015-12-24	0.233000000000000013	2015-12-24	\N	0.779499999999999971	13,18,20,21,22,23,24,26,27,28,30,31,32,33,34,35,36,38,39,40,41,42,43,44,45,46,47,48,49,50,53,54,56,58,59,60,62,63,64,65,66,81,82,83,84,86,87,88,89,90,91,92,93,94,95,96,97,98,99,100,101,102,105,106,107,108,110,111,112,113,114,115,116,117,118,119,120,126,127,128,129,130,131,132,137,138,140,141,142,143,144,145,146,147,148,149,150,151,152,153,154,155,156,158,159,160,161,162,164,165,166,167,168,171,172,173,177,178,179,182,183,184,189,190,195,196,201,202,207,208,213,214,219,225,226,231	f	\N	\N	f	f	\N
ORI.AX	0.784499999999999975	2015-12-24	-0.139000000000000012	2015-12-24	\N	0.733800000000000008	18,19,21,22,23,24,39,46,48,54,73,74,75,76,77,78,79,80,81,82,83,84,91,95,97,98,119,120,128,129,130,131,132,135,136,137,138,142,143,144,148,149,150,151,152,153,154,155,157,158,159,160,161,162,163,164,165,166,167,168,169,170,171,172,173,175,176,177,178,179,180,181,182,183,184,185,187,188,189,190,191,193,194,195,196,199,200,201,202,205,206,207,208,211,212,213,214,217,218,219,220,223,225,226,229,230,231,232	f	\N	\N	f	f	\N
AIO.AX	0.722700000000000009	2015-12-24	-0.61399999999999999	2015-12-24	\N	0.69410000000000005	1,2,3,4,13,14,15,16,17,18,19,20,21,22,25,26,27,32,33,34,35,36,37,38,39,40,41,42,43,44,45,46,47,48,49,50,51,64,65,66,74,76,77,78,91,93,109,110,111,112,114,121,122,123,124,127,128,129,130,131,132,140,141,142,143,145,146,147,148,149,150,151,152,153,154,155,156,158,161,162,164,165,166,167,168,170,171,172,173,174,176,179,180,182,183,185,186,188,189,190,191,192,194,195,197,198,200,203,204,206,207,209,210,212,215,216,218,221,222,224,227,228,230,233,234	f	\N	\N	f	f	\N
CTX.AX	0.793499999999999983	2015-12-24	-0.57999999999999996	2015-12-24	\N	0.757900000000000018	13,14,16,17,18,19,20,21,22,23,24,29,37,38,39,40,41,42,43,44,45,46,47,49,50,51,52,53,54,56,57,58,59,60,62,73,74,75,76,79,91,92,93,94,95,96,97,98,99,100,101,102,104,105,106,107,108,110,113,115,116,117,118,119,120,121,122,123,124,125,126,127,129,130,131,132,133,139,140,141,142,143,144,145,146,147,148,149,150,151,153,154,155,156	f	\N	\N	f	f	\N
IPL.AX	0.751600000000000046	2015-12-24	-0.119999999999999996	2015-12-24	a1,a2,a3,a4,a5,a6,aord_a1,aord_a2,aord_a3,aord_a4,aord_a5,aord_a6,n225_a1,n225_a2,n225_a3,n225_a4,n225_a5,n225_a6,ndx_a1,ndx_a2,ndx_a3,ndx_a4,ndx_a5,ndx_a6,dji_a1,dji_a2,dji_a3,dji_a4,dji_a5,dji_a6,ftse_a1,ftse_a2,ftse_a3,ftse_a4,ftse_a5,ftse_a6,hsi_a1,hsi_a2,hsi_a3,hsi_a4,hsi_a5,hsi_a6,bsesn_a1,bsesn_a2,bsesn_a3,bsesn_a4,bsesn_a5,bsesn_a6,jkse_a1,jkse_a2,jkse_a3,jkse_a4,jkse_a5,jkse_a6,nz50_a1,nz50_a2,nz50_a3,nz50_a4,nz50_a5,nz50_a6,sti_a1,sti_a2,sti_a3,sti_a4,sti_a5,sti_a6,ks11_a1,ks11_a2,ks11_a3,ks11_a4,ks11_a5,ks11_a6,twii_a1,twii_a2,twii_a3,twii_a4,twii_a5,twii_a6,bvsp_a1,bvsp_a2,bvsp_a3,bvsp_a4,bvsp_a5,bvsp_a6,gsptse_a1,gsptse_a2,gsptse_a3,gsptse_a4,gsptse_a5,gsptse_a6,mxx_a1,mxx_a2,mxx_a3,mxx_a4,mxx_a5,mxx_a6,gspc_a1,gspc_a2,gspc_a3,gspc_a4,gspc_a5,gspc_a6,atx_a1,atx_a2,atx_a3,atx_a4,atx_a5,atx_a6,bfx_a1,bfx_a2,bfx_a3,bfx_a4,bfx_a6,oseax_a1,oseax_a2,oseax_a3,oseax_a4,oseax_a5,oseax_a6,omxspi_a1,omxspi_a2,omxspi_a3,omxspi_a4,omxspi_a5,omxspi_a6,ssmi_a1,ssmi_a2,ssmi_a3,ssmi_a4,ssmi_a5,ssmi_a6,eurusd_a1,eurusd_a2,eurusd_a3,eurusd_a4,eurusd_a5,eurusd_a6,usdjpy_a1,usdjpy_a2,usdjpy_a3,usdjpy_a4,usdjpy_a5,usdjpy_a6,usdchf_a1,usdchf_a2,usdchf_a3,usdchf_a4,usdchf_a5,usdchf_a6,gbpusd_a1,gbpusd_a2,gbpusd_a3,gbpusd_a4,gbpusd_a5,gbpusd_a6,usdcad_a1,usdcad_a2,usdcad_a3,usdcad_a4,usdcad_a5,usdcad_a6,eurgbp_a1,eurgbp_a2,eurgbp_a3,eurgbp_a4,eurgbp_a5,eurgbp_a6,eurjpy_a1,eurjpy_a2,eurjpy_a3,eurjpy_a4,eurjpy_a5,eurjpy_a6,eurchf_a1,eurchf_a2,eurchf_a3,eurchf_a4,eurchf_a5,eurchf_a6,audusd_a1,audusd_a2,audusd_a3,audusd_a4,audusd_a5,audusd_a6,gbpjpy_a1,gbpjpy_a2,gbpjpy_a3,gbpjpy_a4,gbpjpy_a5,gbpjpy_a6,chfjpy_a1,chfjpy_a2,chfjpy_a3,chfjpy_a4,chfjpy_a5,chfjpy_a6,gbpchf_a1,gbpchf_a2,gbpchf_a3,gbpchf_a4,gbpchf_a5,gbpchf_a6,nzdusd_a1,nzdusd_a2,nzdusd_a3,nzdusd_a4,nzdusd_a5,nzdusd_a6,cmd_choc_a4,cmd_choc_a6,cmd_corn_a4,cmd_corn_a5,cmd_cupm_a2,cmd_cupm_a4,cmd_cupm_a6,cmd_gld_a1,cmd_gld_a2,cmd_gld_a3,cmd_gld_a4,cmd_gld_a5,cmd_gld_a6,cmd_hevy_a2,cmd_hevy_a3,cmd_hevy_a5,cmd_hevy_a6,cmd_ledd_a5,cmd_ledd_a6,cmd_lstk_a1,cmd_lstk_a2,cmd_lstk_a3,cmd_lstk_a4,cmd_lstk_a5,cmd_lstk_a6,cmd_nini_a2,cmd_nini_a3,cmd_nini_a4,cmd_nini_a5,cmd_nini_a6,cmd_pall_a3,cmd_pall_a4,cmd_pall_a5,cmd_pall_a6,cmd_sgar_a6,cmd_slv_a6,cmd_soyb_a4,cmd_soyb_a5,next5	0.743700000000000028	37,38,39,40,41,42,43,44,45,46,47,48,125,127,128,129,130,131,132,151,152,153,154,155,156,235,236,237,239,241,242,243,246,247,248,249,250,251,252,253,255,257,259,260,261,262,263,264,265,266,267,268,269,270,277,280,283,284,285,286,295,301,302,303,304,305,306,307,308,313,314,315,316,317,318,319,320,321,322,323,325,326,327,328,329,331,332,333,336,337,338,339,340,341,342	f	\N	\N	f	f	\N
TCL.AX	0.737700000000000022	2015-12-24	0.127000000000000002	2015-12-24	a1,a2,a3,a4,a5,a6,aord_a1,aord_a2,aord_a3,aord_a4,aord_a5,aord_a6,n225_a1,n225_a2,n225_a3,n225_a4,n225_a5,n225_a6,ndx_a1,ndx_a2,ndx_a3,ndx_a4,ndx_a5,ndx_a6,dji_a1,dji_a2,dji_a3,dji_a4,dji_a5,dji_a6,ftse_a1,ftse_a2,ftse_a3,ftse_a4,ftse_a5,ftse_a6,ssec_a6,hsi_a1,hsi_a2,hsi_a3,hsi_a4,hsi_a5,hsi_a6,bsesn_a1,bsesn_a2,bsesn_a3,bsesn_a4,bsesn_a5,bsesn_a6,jkse_a1,jkse_a2,jkse_a3,jkse_a4,jkse_a5,jkse_a6,nz50_a1,nz50_a2,nz50_a3,nz50_a4,nz50_a5,nz50_a6,sti_a1,sti_a2,sti_a3,sti_a4,sti_a5,sti_a6,ks11_a1,ks11_a2,ks11_a3,ks11_a4,ks11_a5,ks11_a6,twii_a1,twii_a2,twii_a3,twii_a4,twii_a5,twii_a6,bvsp_a1,gsptse_a1,gsptse_a2,gsptse_a3,gsptse_a4,gsptse_a5,gsptse_a6,mxx_a1,mxx_a2,mxx_a3,mxx_a4,mxx_a5,mxx_a6,gspc_a1,gspc_a2,gspc_a3,gspc_a4,gspc_a5,gspc_a6,bfx_a1,bfx_a2,bfx_a3,bfx_a4,bfx_a5,fchi_a1,fchi_a2,fchi_a3,oseax_a1,oseax_a2,oseax_a3,oseax_a4,oseax_a5,oseax_a6,omxspi_a1,omxspi_a2,omxspi_a3,omxspi_a4,omxspi_a5,ssmi_a1,ssmi_a2,ssmi_a3,ssmi_a4,ssmi_a5,ssmi_a6,gd_a5,gd_a6,eurusd_a1,eurusd_a2,eurusd_a3,eurusd_a4,eurusd_a5,eurusd_a6,usdjpy_a1,usdjpy_a2,usdjpy_a3,usdjpy_a4,usdjpy_a5,usdjpy_a6,usdchf_a1,usdchf_a2,usdchf_a3,usdchf_a4,usdchf_a5,usdchf_a6,gbpusd_a1,gbpusd_a2,gbpusd_a3,gbpusd_a4,gbpusd_a5,gbpusd_a6,usdcad_a1,usdcad_a2,usdcad_a3,usdcad_a4,usdcad_a5,usdcad_a6,eurgbp_a1,eurgbp_a2,eurgbp_a3,eurgbp_a4,eurgbp_a5,eurgbp_a6,eurjpy_a1,eurjpy_a2,eurjpy_a3,eurjpy_a4,eurjpy_a5,eurjpy_a6,eurchf_a1,eurchf_a2,eurchf_a3,eurchf_a4,eurchf_a5,eurchf_a6,audusd_a1,audusd_a2,audusd_a3,audusd_a4,audusd_a5,audusd_a6,gbpjpy_a1,gbpjpy_a2,gbpjpy_a3,gbpjpy_a4,gbpjpy_a5,gbpjpy_a6,chfjpy_a1,chfjpy_a2,chfjpy_a3,chfjpy_a4,chfjpy_a5,chfjpy_a6,gbpchf_a1,gbpchf_a2,gbpchf_a3,gbpchf_a4,gbpchf_a5,gbpchf_a6,nzdusd_a1,nzdusd_a2,nzdusd_a3,nzdusd_a4,nzdusd_a5,nzdusd_a6,cmd_choc_a1,cmd_choc_a3,cmd_choc_a4,cmd_choc_a5,cmd_choc_a6,cmd_gld_a1,cmd_gld_a2,cmd_gld_a3,cmd_hevy_a5,cmd_hevy_a6,cmd_lstk_a1,cmd_lstk_a2,cmd_lstk_a3,cmd_lstk_a4,cmd_lstk_a5,cmd_lstk_a6,cmd_nini_a1,cmd_nini_a2,cmd_nini_a3,cmd_nini_a4,cmd_nini_a5,cmd_nini_a6,next5	0.667799999999999949	37,38,39,40,41,42,43,44,45,46,47,92,93,94,95,96,115,116,117,118,119,120,126,130,131,132,144,151,152,153,154,236,241,242,243,244,245,246,247,248,249,250,251,252,253,254,255,256,257,258,259,260,261,262,263,264,265,266,267,268,269,270,274,275,276,277,278,279,280,283,284,285,286,287,288,301,302,303,304,305,306,307,308,309,310,311,312,313,314,315,316,317,318,319,320,321,322,323,324,325,326,327,328,329,330,331,332,333,334,335,336,337,338,339,340,341,342	f	\N	\N	f	f	\N
JHX.AX	0.767199999999999993	2015-12-24	-0.0449999999999999983	2015-12-24	a1,a2,a3,a4,a5,a6,aord_a1,aord_a2,aord_a3,aord_a4,aord_a5,aord_a6,n225_a1,n225_a2,n225_a3,n225_a4,n225_a5,n225_a6,ndx_a1,ndx_a2,ndx_a3,ndx_a4,ndx_a5,ndx_a6,dji_a1,dji_a2,dji_a3,dji_a4,dji_a5,dji_a6,ftse_a1,ftse_a2,ftse_a3,ftse_a4,ftse_a5,ftse_a6,gdaxi_a1,gdaxi_a2,gdaxi_a3,gdaxi_a4,gdaxi_a5,gdaxi_a6,ssec_a5,ssec_a6,hsi_a1,hsi_a2,hsi_a3,hsi_a4,hsi_a5,hsi_a6,bsesn_a1,bsesn_a2,bsesn_a3,bsesn_a4,bsesn_a5,bsesn_a6,jkse_a1,jkse_a2,jkse_a3,jkse_a4,jkse_a5,jkse_a6,nz50_a1,nz50_a2,nz50_a3,nz50_a4,nz50_a5,nz50_a6,sti_a1,sti_a2,sti_a3,sti_a4,sti_a5,sti_a6,ks11_a1,ks11_a2,ks11_a3,ks11_a4,ks11_a5,ks11_a6,twii_a1,twii_a2,twii_a3,twii_a4,twii_a5,twii_a6,bvsp_a1,bvsp_a2,bvsp_a3,bvsp_a4,bvsp_a5,bvsp_a6,gsptse_a1,gsptse_a2,gsptse_a3,gsptse_a4,gsptse_a5,gsptse_a6,mxx_a1,mxx_a2,mxx_a3,mxx_a4,mxx_a5,mxx_a6,gspc_a1,gspc_a2,gspc_a3,gspc_a4,gspc_a5,gspc_a6,atx_a1,atx_a2,atx_a3,atx_a4,atx_a5,atx_a6,bfx_a1,bfx_a2,bfx_a3,bfx_a4,bfx_a5,bfx_a6,fchi_a1,fchi_a2,fchi_a3,fchi_a4,fchi_a5,fchi_a6,oseax_a1,oseax_a2,oseax_a3,oseax_a4,oseax_a5,oseax_a6,omxspi_a1,omxspi_a2,omxspi_a3,omxspi_a4,omxspi_a5,omxspi_a6,ssmi_a1,ssmi_a2,ssmi_a3,ssmi_a4,ssmi_a5,ssmi_a6,eurusd_a1,eurusd_a2,eurusd_a3,eurusd_a4,eurusd_a5,eurusd_a6,usdjpy_a1,usdjpy_a2,usdjpy_a3,usdjpy_a4,usdjpy_a5,usdjpy_a6,usdchf_a1,usdchf_a2,usdchf_a3,usdchf_a4,usdchf_a5,usdchf_a6,gbpusd_a1,gbpusd_a2,gbpusd_a3,gbpusd_a4,gbpusd_a5,gbpusd_a6,usdcad_a1,usdcad_a2,usdcad_a3,usdcad_a4,usdcad_a5,usdcad_a6,eurgbp_a1,eurgbp_a2,eurgbp_a3,eurgbp_a4,eurgbp_a5,eurgbp_a6,eurjpy_a1,eurjpy_a2,eurjpy_a3,eurjpy_a4,eurjpy_a5,eurjpy_a6,eurchf_a1,eurchf_a2,eurchf_a3,eurchf_a4,eurchf_a5,eurchf_a6,audusd_a1,audusd_a2,audusd_a3,audusd_a4,audusd_a5,audusd_a6,gbpjpy_a1,gbpjpy_a2,gbpjpy_a3,gbpjpy_a4,gbpjpy_a5,gbpjpy_a6,chfjpy_a1,chfjpy_a2,chfjpy_a3,chfjpy_a4,chfjpy_a5,chfjpy_a6,gbpchf_a1,gbpchf_a2,gbpchf_a3,gbpchf_a4,gbpchf_a5,gbpchf_a6,nzdusd_a1,nzdusd_a2,nzdusd_a3,nzdusd_a4,nzdusd_a5,nzdusd_a6,cmd_corn_a3,cmd_corn_a4,cmd_corn_a5,cmd_corn_a6,cmd_cupm_a2,cmd_cupm_a3,cmd_cupm_a5,cmd_cupm_a6,cmd_gld_a1,cmd_gld_a2,cmd_gld_a3,cmd_gld_a4,cmd_gld_a5,cmd_gld_a6,cmd_hevy_a4,cmd_hevy_a5,cmd_hevy_a6,cmd_ledd_a1,cmd_ledd_a2,cmd_ledd_a3,cmd_ledd_a4,cmd_ledd_a5,cmd_ledd_a6,cmd_lstk_a1,cmd_lstk_a2,cmd_lstk_a3,cmd_lstk_a4,cmd_lstk_a5,cmd_lstk_a6,cmd_pall_a1,cmd_pall_a2,cmd_pall_a3,cmd_pall_a4,cmd_pall_a5,cmd_pall_a6,cmd_soyb_a1,cmd_soyb_a2,cmd_soyb_a3,cmd_soyb_a4,cmd_soyb_a5,cmd_soyb_a6,next5	0.717999999999999972	43,44,45,46,151,152,153,154,155,156,235,236,237,238,239,240,241,242,247,248,249,250,251,252,253,256,259,260,261,262,263,264,265,266,267,268,269,270,277,278,279,295,296,297,298,299,300,301,302,303,304,305,306,313,314,315,316,317,318,319,320,321,322,323,324,325,326,327,328,329,330,337,338,339,340,341,342	f	\N	\N	f	f	\N
SYD.AX	0.724600000000000022	2015-12-24	0.482999999999999985	2015-12-24	a1,a2,a3,a4,a5,a6,aord_a1,aord_a2,aord_a3,aord_a4,aord_a5,aord_a6,n225_a1,n225_a2,n225_a3,n225_a4,n225_a5,n225_a6,ndx_a1,ndx_a2,ndx_a3,ndx_a4,ndx_a5,ndx_a6,dji_a1,dji_a2,dji_a3,dji_a4,dji_a5,dji_a6,ftse_a1,ftse_a2,ftse_a3,ftse_a4,ftse_a5,ftse_a6,gdaxi_a5,gdaxi_a6,ssec_a5,ssec_a6,hsi_a1,hsi_a2,hsi_a3,hsi_a4,hsi_a5,hsi_a6,bsesn_a1,bsesn_a2,bsesn_a3,bsesn_a4,bsesn_a5,bsesn_a6,jkse_a4,nz50_a1,nz50_a2,nz50_a3,nz50_a4,nz50_a5,nz50_a6,sti_a1,sti_a2,sti_a3,sti_a4,sti_a5,sti_a6,ks11_a1,ks11_a2,ks11_a3,ks11_a4,ks11_a5,ks11_a6,twii_a3,twii_a4,twii_a5,twii_a6,gsptse_a1,gsptse_a2,gsptse_a3,gsptse_a4,gsptse_a5,gsptse_a6,mxx_a1,mxx_a2,mxx_a3,mxx_a4,mxx_a5,mxx_a6,gspc_a1,gspc_a2,gspc_a3,gspc_a4,gspc_a5,gspc_a6,bfx_a1,bfx_a2,bfx_a3,bfx_a4,bfx_a5,bfx_a6,oseax_a1,omxspi_a6,ssmi_a1,ssmi_a2,ssmi_a3,ssmi_a4,ssmi_a5,ssmi_a6,eurusd_a1,eurusd_a2,eurusd_a3,eurusd_a4,eurusd_a5,eurusd_a6,usdjpy_a1,usdjpy_a2,usdjpy_a3,usdjpy_a4,usdjpy_a5,usdjpy_a6,usdchf_a1,usdchf_a2,usdchf_a3,usdchf_a4,usdchf_a5,usdchf_a6,gbpusd_a1,gbpusd_a2,gbpusd_a3,gbpusd_a4,gbpusd_a5,gbpusd_a6,usdcad_a1,usdcad_a2,usdcad_a3,usdcad_a4,usdcad_a5,usdcad_a6,eurgbp_a1,eurgbp_a2,eurgbp_a3,eurgbp_a4,eurgbp_a5,eurgbp_a6,eurjpy_a1,eurjpy_a2,eurjpy_a3,eurjpy_a4,eurjpy_a5,eurjpy_a6,eurchf_a1,eurchf_a2,eurchf_a3,eurchf_a4,eurchf_a5,eurchf_a6,audusd_a1,audusd_a2,audusd_a3,audusd_a4,audusd_a5,audusd_a6,gbpjpy_a1,gbpjpy_a2,gbpjpy_a3,gbpjpy_a4,gbpjpy_a5,gbpjpy_a6,chfjpy_a1,chfjpy_a2,chfjpy_a3,chfjpy_a4,chfjpy_a5,chfjpy_a6,gbpchf_a1,gbpchf_a2,gbpchf_a3,gbpchf_a4,gbpchf_a5,gbpchf_a6,nzdusd_a1,nzdusd_a2,nzdusd_a3,nzdusd_a4,nzdusd_a5,nzdusd_a6,cmd_corn_a1,cmd_corn_a2,cmd_corn_a3,cmd_corn_a4,cmd_corn_a5,cmd_corn_a6,cmd_gaz_a6,cmd_gld_a1,cmd_gld_a2,cmd_gld_a3,cmd_gld_a4,cmd_gld_a5,cmd_gld_a6,cmd_hevy_a1,cmd_hevy_a2,cmd_hevy_a3,cmd_hevy_a4,cmd_hevy_a5,cmd_hevy_a6,cmd_lstk_a1,cmd_lstk_a2,cmd_lstk_a3,cmd_lstk_a4,cmd_lstk_a5,cmd_lstk_a6,cmd_nini_a1,cmd_nini_a2,cmd_nini_a3,cmd_nini_a4,cmd_nini_a5,cmd_nini_a6,cmd_pall_a1,cmd_pall_a5,cmd_pall_a6,cmd_slv_a1,cmd_soyb_a1,cmd_soyb_a2,cmd_soyb_a3,cmd_soyb_a4,cmd_soyb_a5,cmd_soyb_a6,next5	0.659200000000000008	37,38,39,40,43,44,45,46,61,62,63,65,66,85,86,91,92,93,94,95,96,115,116,117,118,119,120,127,128,129,130,131,132,134,135,136,137,138,139,140,141,142,143,151,152,153,154,155,156,235,236,237,238,239,240,247,248,249,250,251,252,253,254,255,256,257,258,259,260,261,262,263,264,265,266,267,268,269,283,284,285,286,287,288,301,302,303,304,305,306,308,309,310,313,314,315,316,317,318,319,320,321,322,323,324,326,327,328,329,330,337,338,339,340,341,342	f	\N	\N	f	f	\N
STO.AX	0.739600000000000035	2015-12-24	-0.828999999999999959	2015-12-24	a2,a3,a4,a5,a6,aord_a1,aord_a2,aord_a3,aord_a4,aord_a5,aord_a6,n225_a2,ndx_a2,ndx_a3,ndx_a4,ndx_a5,ndx_a6,dji_a1,dji_a2,dji_a3,dji_a4,dji_a5,dji_a6,ftse_a1,ftse_a2,ftse_a3,ftse_a4,ftse_a5,ftse_a6,gdaxi_a1,gdaxi_a2,gdaxi_a3,gdaxi_a4,gdaxi_a5,gdaxi_a6,ssec_a4,ssec_a5,ssec_a6,hsi_a1,hsi_a2,hsi_a3,hsi_a4,hsi_a5,hsi_a6,bsesn_a1,bsesn_a2,bsesn_a3,bsesn_a4,bsesn_a5,bsesn_a6,jkse_a1,nz50_a1,nz50_a2,nz50_a3,nz50_a4,nz50_a5,nz50_a6,sti_a1,sti_a2,sti_a3,sti_a4,sti_a5,sti_a6,ks11_a1,ks11_a2,ks11_a3,ks11_a4,ks11_a5,ks11_a6,twii_a1,twii_a2,twii_a3,twii_a4,twii_a5,twii_a6,bvsp_a2,bvsp_a4,bvsp_a5,bvsp_a6,gsptse_a1,gsptse_a2,gsptse_a3,gsptse_a4,gsptse_a5,gsptse_a6,mxx_a1,mxx_a2,mxx_a3,mxx_a4,mxx_a5,mxx_a6,gspc_a1,gspc_a2,gspc_a3,gspc_a4,gspc_a5,gspc_a6,atx_a1,atx_a2,atx_a3,atx_a4,atx_a5,atx_a6,bfx_a1,bfx_a2,bfx_a3,bfx_a4,bfx_a5,bfx_a6,fchi_a1,fchi_a2,fchi_a3,fchi_a4,fchi_a5,fchi_a6,oseax_a1,oseax_a2,oseax_a3,oseax_a4,oseax_a5,oseax_a6,omxspi_a1,omxspi_a2,omxspi_a3,omxspi_a4,omxspi_a5,omxspi_a6,ssmi_a1,ssmi_a2,ssmi_a3,ssmi_a4,ssmi_a5,ssmi_a6,gd_a2,gd_a3,gd_a6,eurusd_a1,eurusd_a2,eurusd_a3,eurusd_a4,eurusd_a5,eurusd_a6,usdjpy_a1,usdjpy_a2,usdjpy_a3,usdjpy_a4,usdjpy_a5,usdjpy_a6,usdchf_a1,usdchf_a2,usdchf_a3,usdchf_a4,usdchf_a5,usdchf_a6,gbpusd_a1,gbpusd_a2,gbpusd_a3,gbpusd_a4,gbpusd_a5,gbpusd_a6,usdcad_a1,usdcad_a2,usdcad_a3,usdcad_a4,usdcad_a5,usdcad_a6,eurgbp_a1,eurgbp_a2,eurgbp_a3,eurgbp_a4,eurgbp_a5,eurgbp_a6,eurjpy_a1,eurjpy_a2,eurjpy_a3,eurjpy_a4,eurjpy_a5,eurjpy_a6,eurchf_a1,eurchf_a2,eurchf_a3,eurchf_a4,eurchf_a5,eurchf_a6,audusd_a1,audusd_a2,audusd_a3,audusd_a4,audusd_a5,audusd_a6,gbpjpy_a1,gbpjpy_a2,gbpjpy_a3,gbpjpy_a4,gbpjpy_a5,gbpjpy_a6,chfjpy_a1,chfjpy_a2,chfjpy_a3,chfjpy_a4,chfjpy_a5,chfjpy_a6,gbpchf_a1,gbpchf_a2,gbpchf_a3,gbpchf_a4,gbpchf_a5,gbpchf_a6,nzdusd_a1,nzdusd_a2,nzdusd_a3,nzdusd_a4,nzdusd_a5,nzdusd_a6,cmd_choc_a4,cmd_corn_a1,cmd_corn_a2,cmd_corn_a3,cmd_corn_a4,cmd_corn_a5,cmd_corn_a6,cmd_ctnn_a1,cmd_ctnn_a2,cmd_ctnn_a3,cmd_ctnn_a4,cmd_ctnn_a5,cmd_ctnn_a6,cmd_cupm_a1,cmd_cupm_a2,cmd_cupm_a3,cmd_cupm_a4,cmd_cupm_a5,cmd_cupm_a6,cmd_foil_a1,cmd_foil_a2,cmd_foil_a3,cmd_foil_a4,cmd_foil_a5,cmd_foil_a6,cmd_gaz_a4,cmd_gaz_a5,cmd_gaz_a6,cmd_gld_a1,cmd_gld_a2,cmd_gld_a3,cmd_gld_a4,cmd_gld_a5,cmd_gld_a6,cmd_hevy_a1,cmd_hevy_a2,cmd_hevy_a3,cmd_hevy_a4,cmd_hevy_a5,cmd_hevy_a6,cmd_ledd_a1,cmd_slv_a5,cmd_soyb_a2,cmd_soyb_a3,cmd_soyb_a4,cmd_soyb_a5,cmd_soyb_a6,next5	0.727299999999999947	1,13,15,16,17,18,19,43,44,45,62,63,64,65,66,91,93,151,154,155,235,236,237,239,240,265,266,267,284,285,286,287,288,289,290,291,292,293,294,295,296,297,298,299,300,301,302,303,304,305,306,307,308,309,310,311,312,313,314,315,316,317,318,319,320,321,322,323,324,325,326,327,328,330,331,337,338,339,340,341,342	f	\N	\N	f	f	\N
LLC.AX	0.802200000000000024	2015-12-24	-0.736999999999999988	2015-12-24	a1,a2,a3,a4,a5,a6,aord_a1,aord_a2,aord_a3,aord_a4,aord_a5,aord_a6,n225_a1,n225_a2,n225_a3,n225_a4,n225_a5,n225_a6,ndx_a1,ndx_a2,ndx_a3,ndx_a4,ndx_a5,ndx_a6,dji_a3,dji_a4,dji_a5,dji_a6,ftse_a1,ftse_a6,hsi_a1,hsi_a2,hsi_a3,hsi_a4,hsi_a5,hsi_a6,bsesn_a1,bsesn_a2,bsesn_a4,bsesn_a5,bsesn_a6,jkse_a1,jkse_a3,jkse_a4,jkse_a5,jkse_a6,nz50_a1,nz50_a2,nz50_a3,nz50_a4,nz50_a5,nz50_a6,sti_a1,sti_a2,sti_a3,sti_a4,sti_a5,sti_a6,ks11_a1,ks11_a2,ks11_a3,ks11_a4,ks11_a5,ks11_a6,twii_a1,twii_a2,twii_a3,twii_a4,twii_a5,twii_a6,gsptse_a1,gsptse_a2,gsptse_a3,gsptse_a4,gsptse_a5,gsptse_a6,mxx_a1,mxx_a2,mxx_a3,mxx_a4,mxx_a5,mxx_a6,gspc_a1,gspc_a3,gspc_a4,gspc_a5,gspc_a6,atx_a1,atx_a2,atx_a3,atx_a4,atx_a5,atx_a6,bfx_a1,bfx_a2,bfx_a3,bfx_a4,bfx_a5,bfx_a6,fchi_a1,oseax_a1,oseax_a2,oseax_a3,oseax_a4,oseax_a5,oseax_a6,ssmi_a1,gd_a1,eurusd_a1,eurusd_a2,eurusd_a3,eurusd_a4,eurusd_a5,eurusd_a6,usdjpy_a1,usdjpy_a2,usdjpy_a3,usdjpy_a4,usdjpy_a5,usdjpy_a6,usdchf_a1,usdchf_a2,usdchf_a3,usdchf_a4,usdchf_a5,usdchf_a6,gbpusd_a1,gbpusd_a2,gbpusd_a3,gbpusd_a4,gbpusd_a5,gbpusd_a6,usdcad_a1,usdcad_a2,usdcad_a3,usdcad_a4,usdcad_a5,usdcad_a6,eurgbp_a1,eurgbp_a2,eurgbp_a3,eurgbp_a4,eurgbp_a5,eurgbp_a6,eurjpy_a1,eurjpy_a2,eurjpy_a3,eurjpy_a4,eurjpy_a5,eurjpy_a6,eurchf_a1,eurchf_a2,eurchf_a3,eurchf_a4,eurchf_a5,eurchf_a6,audusd_a1,audusd_a2,audusd_a3,audusd_a4,audusd_a5,audusd_a6,gbpjpy_a1,gbpjpy_a2,gbpjpy_a3,gbpjpy_a4,gbpjpy_a5,gbpjpy_a6,chfjpy_a1,chfjpy_a2,chfjpy_a3,chfjpy_a4,chfjpy_a5,chfjpy_a6,gbpchf_a1,gbpchf_a2,gbpchf_a3,gbpchf_a4,gbpchf_a5,gbpchf_a6,nzdusd_a1,nzdusd_a2,nzdusd_a3,nzdusd_a4,nzdusd_a5,nzdusd_a6,cmd_corn_a2,cmd_corn_a3,cmd_corn_a5,cmd_foil_a1,cmd_foil_a2,cmd_foil_a3,cmd_foil_a4,cmd_foil_a5,cmd_foil_a6,cmd_gaz_a5,cmd_gaz_a6,cmd_gld_a2,cmd_gld_a3,cmd_gld_a4,cmd_gld_a5,cmd_gld_a6,cmd_ledd_a1,cmd_ledd_a2,cmd_ledd_a3,cmd_ledd_a4,cmd_ledd_a6,cmd_lstk_a1,cmd_lstk_a2,cmd_lstk_a3,cmd_lstk_a4,cmd_lstk_a5,cmd_lstk_a6,cmd_nini_a1,cmd_nini_a2,cmd_nini_a3,cmd_nini_a4,cmd_nini_a5,cmd_nini_a6,cmd_soyb_a1,cmd_soyb_a2,cmd_soyb_a3,cmd_soyb_a4,cmd_soyb_a5,cmd_soyb_a6,next5	0.732600000000000029	25,26,32,33,34,35,37,38,39,40,41,42,43,44,45,46,47,48,57,62,91,92,93,94,95,96,110,128,129,130,131,132,139,140,141,142,143,144,146,147,148,149,150,152,153,154,155,156,235,236,237,238,239,240,241,244,246,247,248,249,250,251,252,253,254,255,256,257,258,265,266,267,268,271,277,278,279,280,281,282,287,301,302,303,304,305,306,307,308,309,310,311,312,313,314,315,316,317,318,319,320,321,322,323,324,325,326,327,328,329,330,337,338,339,340,341,342	f	\N	\N	f	f	\N
SEK.AX	0.743199999999999972	2015-12-24	-0.274000000000000021	2015-12-24	a1,a2,a3,a4,a5,a6,aord_a1,aord_a2,aord_a3,aord_a4,aord_a5,aord_a6,n225_a1,n225_a2,n225_a3,n225_a4,n225_a5,n225_a6,ndx_a1,ndx_a2,ndx_a3,ndx_a4,ndx_a5,ndx_a6,dji_a1,dji_a2,dji_a3,dji_a4,dji_a5,dji_a6,ftse_a1,ftse_a2,ftse_a3,ftse_a4,ftse_a5,ftse_a6,gdaxi_a1,gdaxi_a2,gdaxi_a3,gdaxi_a4,gdaxi_a5,gdaxi_a6,hsi_a1,hsi_a2,hsi_a3,hsi_a4,hsi_a5,hsi_a6,bsesn_a1,bsesn_a2,bsesn_a3,bsesn_a4,bsesn_a5,bsesn_a6,jkse_a1,jkse_a2,jkse_a6,nz50_a1,nz50_a2,nz50_a3,nz50_a4,nz50_a5,nz50_a6,sti_a1,sti_a2,sti_a3,sti_a4,sti_a5,sti_a6,ks11_a1,ks11_a2,ks11_a3,ks11_a4,ks11_a5,ks11_a6,twii_a1,twii_a2,twii_a3,twii_a4,twii_a5,twii_a6,bvsp_a3,bvsp_a6,gsptse_a1,gsptse_a2,gsptse_a3,gsptse_a4,gsptse_a5,gsptse_a6,mxx_a1,mxx_a2,mxx_a3,mxx_a4,mxx_a5,mxx_a6,gspc_a1,gspc_a2,gspc_a3,gspc_a4,gspc_a5,gspc_a6,atx_a1,atx_a2,atx_a3,atx_a4,atx_a5,atx_a6,bfx_a2,bfx_a3,bfx_a4,bfx_a5,bfx_a6,fchi_a1,fchi_a2,fchi_a3,fchi_a4,fchi_a5,fchi_a6,oseax_a1,oseax_a2,oseax_a3,oseax_a4,oseax_a5,oseax_a6,omxspi_a1,omxspi_a2,omxspi_a3,omxspi_a4,omxspi_a5,omxspi_a6,ssmi_a1,ssmi_a2,ssmi_a3,ssmi_a4,ssmi_a5,ssmi_a6,gd_a4,gd_a5,gd_a6,eurusd_a1,eurusd_a2,eurusd_a3,eurusd_a4,eurusd_a5,eurusd_a6,usdjpy_a1,usdjpy_a2,usdjpy_a3,usdjpy_a4,usdjpy_a5,usdjpy_a6,usdchf_a1,usdchf_a2,usdchf_a3,usdchf_a4,usdchf_a5,usdchf_a6,gbpusd_a1,gbpusd_a2,gbpusd_a3,gbpusd_a4,gbpusd_a5,gbpusd_a6,usdcad_a1,usdcad_a2,usdcad_a3,usdcad_a4,usdcad_a5,usdcad_a6,eurgbp_a1,eurgbp_a2,eurgbp_a3,eurgbp_a4,eurgbp_a5,eurgbp_a6,eurjpy_a1,eurjpy_a2,eurjpy_a3,eurjpy_a4,eurjpy_a5,eurjpy_a6,eurchf_a1,eurchf_a2,eurchf_a3,eurchf_a4,eurchf_a5,eurchf_a6,audusd_a1,audusd_a2,audusd_a3,audusd_a4,audusd_a5,audusd_a6,gbpjpy_a1,gbpjpy_a2,gbpjpy_a3,gbpjpy_a4,gbpjpy_a5,gbpjpy_a6,chfjpy_a1,chfjpy_a2,chfjpy_a3,chfjpy_a4,chfjpy_a5,chfjpy_a6,gbpchf_a1,gbpchf_a2,gbpchf_a3,gbpchf_a4,gbpchf_a5,gbpchf_a6,nzdusd_a1,nzdusd_a2,nzdusd_a3,nzdusd_a4,nzdusd_a5,nzdusd_a6,cmd_choc_a4,cmd_choc_a6,cmd_corn_a5,cmd_corn_a6,cmd_cupm_a1,cmd_gld_a1,cmd_gld_a2,cmd_gld_a3,cmd_gld_a4,cmd_gld_a5,cmd_gld_a6,cmd_lstk_a1,cmd_lstk_a2,cmd_lstk_a3,cmd_lstk_a4,cmd_lstk_a5,cmd_lstk_a6,cmd_nini_a3,cmd_nini_a4,cmd_nini_a6,cmd_pplt_a2,cmd_uhn_a6,next5	0.842199999999999949	43,44,45,46,47,48,63,64,65,91,92,94,95,121,151,152,153,235,236,237,239,241,242,243,244,247,248,249,250,251,252,254,255,256,257,258,259,260,261,262,263,264,265,266,267,268,269,270,277,278,279,280,281,282,283,284,285,286,287,288,295,296,299,301,302,303,304,305,306,307,308,309,310,311,312,313,315,316,317,318,319,320,321,322,323,324,325,326,327,328,329,330,331,332,333,334,335,336,337,338,339,340,341	f	\N	\N	f	f	\N
S32.AX	0.693300000000000027	2015-12-24	-0.679000000000000048	2015-12-24	a2,a3,a4,a5,a6,aord_a1,aord_a2,aord_a3,aord_a4,aord_a5,aord_a6,n225_a1,n225_a2,n225_a3,n225_a4,n225_a5,n225_a6,ndx_a3,ndx_a4,ndx_a5,ndx_a6,dji_a1,dji_a2,dji_a3,dji_a4,dji_a5,dji_a6,ftse_a1,ftse_a2,ftse_a3,ftse_a4,ftse_a5,ftse_a6,gdaxi_a1,gdaxi_a3,gdaxi_a4,gdaxi_a5,gdaxi_a6,ssec_a2,ssec_a3,ssec_a4,ssec_a5,ssec_a6,hsi_a3,bsesn_a1,bsesn_a2,bsesn_a3,bsesn_a4,bsesn_a5,bsesn_a6,nz50_a1,nz50_a2,nz50_a3,nz50_a4,nz50_a5,nz50_a6,sti_a1,sti_a2,sti_a3,sti_a4,sti_a5,sti_a6,ks11_a1,ks11_a2,ks11_a3,ks11_a4,ks11_a5,ks11_a6,twii_a1,twii_a2,twii_a3,twii_a4,twii_a5,twii_a6,gsptse_a1,gsptse_a2,gsptse_a3,gsptse_a4,gsptse_a5,gsptse_a6,mxx_a1,mxx_a2,mxx_a3,mxx_a4,mxx_a5,mxx_a6,gspc_a1,gspc_a2,gspc_a3,gspc_a4,gspc_a5,gspc_a6,atx_a1,atx_a2,atx_a3,atx_a5,atx_a6,bfx_a1,bfx_a2,bfx_a3,bfx_a4,bfx_a5,bfx_a6,fchi_a1,fchi_a3,fchi_a5,fchi_a6,omxspi_a2,omxspi_a3,omxspi_a4,omxspi_a5,omxspi_a6,ssmi_a2,ssmi_a3,ssmi_a4,ssmi_a5,ssmi_a6,eurusd_a1,eurusd_a2,eurusd_a3,eurusd_a4,eurusd_a5,eurusd_a6,usdjpy_a1,usdjpy_a2,usdjpy_a3,usdjpy_a4,usdjpy_a5,usdjpy_a6,usdchf_a1,usdchf_a2,usdchf_a3,usdchf_a4,usdchf_a5,usdchf_a6,gbpusd_a1,gbpusd_a2,gbpusd_a3,gbpusd_a4,gbpusd_a5,gbpusd_a6,usdcad_a1,usdcad_a2,usdcad_a3,usdcad_a4,usdcad_a5,usdcad_a6,eurgbp_a1,eurgbp_a2,eurgbp_a3,eurgbp_a4,eurgbp_a5,eurgbp_a6,eurjpy_a1,eurjpy_a2,eurjpy_a3,eurjpy_a4,eurjpy_a5,eurjpy_a6,eurchf_a1,eurchf_a2,eurchf_a3,eurchf_a4,eurchf_a5,eurchf_a6,audusd_a1,audusd_a2,audusd_a3,audusd_a4,audusd_a5,audusd_a6,gbpjpy_a1,gbpjpy_a2,gbpjpy_a3,gbpjpy_a4,gbpjpy_a5,gbpjpy_a6,chfjpy_a1,chfjpy_a2,chfjpy_a3,chfjpy_a4,chfjpy_a5,chfjpy_a6,gbpchf_a1,gbpchf_a2,gbpchf_a3,gbpchf_a4,gbpchf_a5,gbpchf_a6,nzdusd_a1,nzdusd_a2,nzdusd_a3,nzdusd_a4,nzdusd_a5,nzdusd_a6,cmd_corn_a1,cmd_ctnn_a1,cmd_ctnn_a2,cmd_ctnn_a3,cmd_ctnn_a4,cmd_ctnn_a5,cmd_ctnn_a6,cmd_cupm_a1,cmd_cupm_a2,cmd_gaz_a3,cmd_gaz_a4,cmd_gaz_a5,cmd_gaz_a6,cmd_gld_a2,cmd_gld_a3,cmd_gld_a4,cmd_gld_a5,cmd_gld_a6,cmd_hevy_a1,cmd_hevy_a2,cmd_hevy_a3,cmd_hevy_a4,cmd_hevy_a5,cmd_hevy_a6,cmd_ledd_a1,cmd_ledd_a2,cmd_ledd_a3,cmd_ledd_a4,cmd_ledd_a5,cmd_ledd_a6,cmd_nini_a2,cmd_nini_a3,cmd_nini_a4,cmd_nini_a5,cmd_nini_a6,cmd_sgar_a2,cmd_soyb_a1,cmd_soyb_a2,cmd_soyb_a4,cmd_soyb_a5,cmd_soyb_a6,next5	0.783299999999999996	1,19,20,38,43,49,50,52,53,54,61,62,63,64,65,66,91,92,93,94,95,96,118,128,130,133,134,135,136,137,138,139,145,151,152,153,154,155,156,235,236,237,238,239,240,242,243,244,245,246,255,256,257,258,259,260,261,262,263,264,265,266,271,289,290,291,292,293,294,295,301,302,303,304,305,306,307,308,309,310,311,312,313,314,315,316,317,318,319,321,322,323,324,325,326,327,328,329,330,333,337,338,339,340,341,342	f	\N	\N	f	f	\N
CWN.AX	0.753900000000000015	2015-12-24	-0.0899999999999999967	2015-12-24	a1,a2,a3,a4,a5,a6,aord_a1,aord_a2,aord_a3,aord_a4,aord_a5,aord_a6,n225_a1,n225_a4,ndx_a1,ndx_a2,ndx_a3,ndx_a4,ndx_a5,ndx_a6,dji_a1,dji_a2,dji_a3,dji_a4,dji_a5,dji_a6,ftse_a1,ftse_a2,ftse_a3,ftse_a4,ftse_a5,ftse_a6,ssec_a1,ssec_a2,ssec_a3,ssec_a4,ssec_a5,ssec_a6,hsi_a1,hsi_a2,hsi_a3,hsi_a4,hsi_a5,hsi_a6,bsesn_a1,bsesn_a2,bsesn_a3,bsesn_a4,bsesn_a5,bsesn_a6,jkse_a1,jkse_a6,nz50_a1,nz50_a2,nz50_a3,nz50_a4,nz50_a5,nz50_a6,sti_a1,sti_a2,sti_a3,sti_a4,sti_a5,sti_a6,ks11_a1,ks11_a2,ks11_a3,ks11_a4,ks11_a5,ks11_a6,twii_a1,twii_a2,twii_a3,twii_a4,twii_a5,twii_a6,gsptse_a1,gsptse_a2,gsptse_a3,gsptse_a4,gsptse_a5,gsptse_a6,mxx_a1,mxx_a2,mxx_a3,mxx_a4,mxx_a5,mxx_a6,gspc_a1,gspc_a2,gspc_a3,gspc_a4,gspc_a5,gspc_a6,atx_a1,atx_a2,atx_a3,atx_a4,atx_a5,atx_a6,bfx_a1,bfx_a2,bfx_a3,bfx_a4,bfx_a5,bfx_a6,fchi_a1,oseax_a1,oseax_a2,oseax_a3,oseax_a4,oseax_a5,oseax_a6,omxspi_a1,omxspi_a2,omxspi_a3,omxspi_a4,omxspi_a5,omxspi_a6,ssmi_a1,ssmi_a2,ssmi_a3,ssmi_a4,ssmi_a5,ssmi_a6,eurusd_a1,eurusd_a2,eurusd_a3,eurusd_a4,eurusd_a5,eurusd_a6,usdjpy_a1,usdjpy_a2,usdjpy_a3,usdjpy_a4,usdjpy_a5,usdjpy_a6,usdchf_a1,usdchf_a2,usdchf_a3,usdchf_a4,usdchf_a5,usdchf_a6,gbpusd_a1,gbpusd_a2,gbpusd_a3,gbpusd_a4,gbpusd_a5,gbpusd_a6,usdcad_a1,usdcad_a2,usdcad_a3,usdcad_a4,usdcad_a5,usdcad_a6,eurgbp_a1,eurgbp_a2,eurgbp_a3,eurgbp_a4,eurgbp_a5,eurgbp_a6,eurjpy_a1,eurjpy_a2,eurjpy_a3,eurjpy_a4,eurjpy_a5,eurjpy_a6,eurchf_a1,eurchf_a2,eurchf_a3,eurchf_a4,eurchf_a5,eurchf_a6,audusd_a1,audusd_a2,audusd_a3,audusd_a4,audusd_a5,audusd_a6,gbpjpy_a1,gbpjpy_a2,gbpjpy_a3,gbpjpy_a4,gbpjpy_a5,gbpjpy_a6,chfjpy_a1,chfjpy_a2,chfjpy_a3,chfjpy_a4,chfjpy_a5,chfjpy_a6,gbpchf_a1,gbpchf_a2,gbpchf_a3,gbpchf_a4,gbpchf_a5,gbpchf_a6,nzdusd_a1,nzdusd_a2,nzdusd_a3,nzdusd_a4,nzdusd_a5,nzdusd_a6,cmd_choc_a1,cmd_choc_a2,cmd_choc_a3,cmd_choc_a4,cmd_choc_a5,cmd_choc_a6,cmd_corn_a2,cmd_corn_a3,cmd_corn_a4,cmd_corn_a5,cmd_corn_a6,cmd_foil_a6,cmd_gaz_a1,cmd_gaz_a2,cmd_gaz_a5,cmd_gaz_a6,cmd_gld_a1,cmd_gld_a2,cmd_gld_a3,cmd_gld_a4,cmd_gld_a5,cmd_gld_a6,cmd_hevy_a1,cmd_hevy_a2,cmd_hevy_a3,cmd_hevy_a4,cmd_hevy_a5,cmd_hevy_a6,cmd_ledd_a4,cmd_ledd_a5,cmd_ledd_a6,cmd_lstk_a1,cmd_lstk_a2,cmd_lstk_a3,cmd_lstk_a4,cmd_lstk_a5,cmd_lstk_a6,cmd_pplt_a1,cmd_pplt_a2,cmd_pplt_a3,cmd_pplt_a4,cmd_pplt_a5,cmd_pplt_a6,cmd_sgar_a1,cmd_sgar_a6,next5	0.743299999999999961	14,15,17,18,37,38,39,40,41,42,62,63,64,65,91,92,93,94,95,96,128,129,130,131,132,151,152,153,154,155,156,241,247,248,249,250,251,252,253,254,255,256,257,258,259,260,261,262,263,267,268,283,284,285,295,296,297,298,299,300,301,302,303,304,305,306,307,308,309,310,311,312,320,321,322,323,325,326,327,328,329,330,331,332,333,334,335,336,337,338,339,340,341,342	f	\N	\N	f	f	\N
DXS.AX	0.749500000000000055	2015-12-24	-0.0250000000000000014	2015-12-24	a1,a2,a3,a4,a5,a6,aord_a1,aord_a2,aord_a3,aord_a4,aord_a5,aord_a6,n225_a1,n225_a2,n225_a3,n225_a4,n225_a5,n225_a6,ndx_a1,ndx_a2,ndx_a3,ndx_a4,ndx_a5,ndx_a6,dji_a1,dji_a2,dji_a3,dji_a4,dji_a5,dji_a6,ftse_a1,ftse_a2,ftse_a3,ftse_a4,ftse_a5,ftse_a6,gdaxi_a1,gdaxi_a2,gdaxi_a3,gdaxi_a4,gdaxi_a5,gdaxi_a6,hsi_a1,hsi_a2,hsi_a3,hsi_a4,hsi_a5,hsi_a6,bsesn_a1,bsesn_a2,bsesn_a3,bsesn_a4,bsesn_a5,bsesn_a6,jkse_a1,jkse_a2,jkse_a3,jkse_a4,jkse_a5,jkse_a6,nz50_a1,nz50_a2,nz50_a3,nz50_a4,nz50_a5,nz50_a6,sti_a1,sti_a2,sti_a3,sti_a4,sti_a5,sti_a6,ks11_a1,ks11_a2,ks11_a3,ks11_a4,ks11_a5,ks11_a6,twii_a1,twii_a2,twii_a3,twii_a4,twii_a5,twii_a6,bvsp_a1,bvsp_a2,bvsp_a3,bvsp_a4,bvsp_a5,bvsp_a6,gsptse_a1,gsptse_a2,gsptse_a3,gsptse_a4,gsptse_a5,gsptse_a6,mxx_a1,mxx_a2,mxx_a3,mxx_a4,mxx_a5,mxx_a6,gspc_a1,gspc_a2,gspc_a3,gspc_a4,gspc_a5,gspc_a6,atx_a2,atx_a3,atx_a4,atx_a5,atx_a6,bfx_a1,bfx_a2,bfx_a3,bfx_a4,bfx_a5,bfx_a6,fchi_a2,fchi_a3,fchi_a4,fchi_a5,fchi_a6,oseax_a1,oseax_a2,oseax_a3,oseax_a4,oseax_a5,oseax_a6,omxspi_a1,omxspi_a2,omxspi_a3,omxspi_a4,omxspi_a5,omxspi_a6,ssmi_a1,ssmi_a2,ssmi_a3,ssmi_a4,ssmi_a5,ssmi_a6,eurusd_a1,eurusd_a2,eurusd_a3,eurusd_a4,eurusd_a5,eurusd_a6,usdjpy_a1,usdjpy_a2,usdjpy_a3,usdjpy_a4,usdjpy_a5,usdjpy_a6,usdchf_a1,usdchf_a2,usdchf_a3,usdchf_a4,usdchf_a5,usdchf_a6,gbpusd_a1,gbpusd_a2,gbpusd_a3,gbpusd_a4,gbpusd_a5,gbpusd_a6,usdcad_a1,usdcad_a2,usdcad_a3,usdcad_a4,usdcad_a5,usdcad_a6,eurgbp_a1,eurgbp_a2,eurgbp_a3,eurgbp_a4,eurgbp_a5,eurgbp_a6,eurjpy_a1,eurjpy_a2,eurjpy_a3,eurjpy_a4,eurjpy_a5,eurjpy_a6,eurchf_a1,eurchf_a2,eurchf_a3,eurchf_a4,eurchf_a5,eurchf_a6,audusd_a1,audusd_a2,audusd_a3,audusd_a4,audusd_a5,audusd_a6,gbpjpy_a1,gbpjpy_a2,gbpjpy_a3,gbpjpy_a4,gbpjpy_a5,gbpjpy_a6,chfjpy_a1,chfjpy_a2,chfjpy_a3,chfjpy_a4,chfjpy_a5,chfjpy_a6,gbpchf_a1,gbpchf_a2,gbpchf_a3,gbpchf_a4,gbpchf_a5,gbpchf_a6,nzdusd_a1,nzdusd_a2,nzdusd_a3,nzdusd_a4,nzdusd_a5,nzdusd_a6,cmd_ctnn_a1,cmd_ctnn_a2,cmd_ctnn_a3,cmd_ctnn_a4,cmd_ctnn_a5,cmd_ctnn_a6,cmd_cupm_a4,cmd_gaz_a5,cmd_gaz_a6,cmd_gld_a1,cmd_gld_a2,cmd_gld_a3,cmd_gld_a4,cmd_gld_a5,cmd_gld_a6,cmd_hevy_a4,cmd_hevy_a5,cmd_hevy_a6,cmd_lstk_a2,cmd_lstk_a3,cmd_lstk_a4,cmd_lstk_a5,cmd_lstk_a6,cmd_oil_a6,cmd_pall_a1,cmd_soyb_a1,next5	0.720199999999999951	43,44,45,46,47,48,115,127,151,152,153,154,155,156,235,236,237,238,239,240,241,242,243,244,245,246,253,254,255,257,258,259,260,261,262,263,264,265,266,267,268,277,278,279,283,284,285,286,287,288,289,295,296,297,298,299,300,301,302,303,304,305,308,309,310,311,312,313,314,315,316,317,318,319,320,321,322,323,324,325,326,327,328,329,330,332,333,334,335,336,337,338,339,340,341,342	f	\N	\N	f	f	\N
OSH.AX	0.705899999999999972	2015-12-24	0.147999999999999993	2015-12-24	\N	0.616600000000000037	13,17,18,19,25,31,32,33,34,35,36,37,38,39,41,42,43,44,45,46,52,55,58,59,61,62,63,64,65,66,80,81,82,83,84,91,92,93,97,108,109,117,118,121,122,123,124,125,126,127,128,129,130,131,132,133,134,135,136,137,139,140,141,142,143,144,145,151,152,153,154,155,156,157,158,159,160,161,163,164,165,166,167,169,170,171,172,173,175,176,177,178,181,182,183,187,188,189,193,194,195,199,200,201,202,203,205,206,207,211,212,213,217,218,219,223,224,229,230	f	\N	\N	f	f	\N
NCM.AX	0.722300000000000053	2015-12-24	-0.432999999999999996	2015-12-24	\N	0.725099999999999967	7,8,9,10,11,12,13,14,15,16,17,18,19,20,21,26,32,33,34,35,36,43,44,45,46,49,50,51,52,53,54,61,73,74,75,76,77,78,79,82,83,84,91,92,93,94,95,96,97,100,101,102,109,110,111,113,114,126,128,129,130,131,132,133,134,135,136,137,138,140,141,142,143,144,146,147,148,149,150,151,152,153,154,155,156,157,158,159,160,161,163,164,165,166,169,171,172,175,177,178,181,183,184,187,189,190,193,195,196,199,201,205,207,208,211,213,217,223,229	f	\N	\N	f	f	\N
RHC.AX	0.785599999999999965	2015-12-24	0.221000000000000002	2015-12-24	\N	0.67649999999999999	13,18,19,20,21,22,23,24,25,28,29,30,34,35,36,37,38,39,40,41,42,43,44,45,46,47,48,49,50,52,53,54,77,78,85,86,87,88,91,98,99,100,101,102,109,111,112,113,114,115,121,122,123,124,125,126,127,128,129,130,131,132,136,137,139,140,141,142,143,144,146,147,148,149,150,151,152,153,154,155,156,157,163,169,175	f	\N	\N	f	f	\N
SGP.AX	0.739900000000000002	2015-12-24	-0.566999999999999948	2015-12-24	\N	0.693500000000000005	13,15,16,17,18,19,20,21,22,23,24,25,26,27,28,29,30,31,34,35,36,37,40,41,42,43,44,45,46,47,49,50,51,52,53,54,55,56,57,58,59,60,62,63,64,78,82,83,84,86,88,89,90,91,92,93,94,95,96,97,105,107,109,110,111,112,113,114,124,125,126,127,128,129,130,131,132,133,138,140,141,142,143,144,145,146,147,148,151,152,153,154,155,156,157,158,159,160,161,162,163,164,165,166,169,170,171,172,174,175,176,177,178,181,182,183,187,188,189,193,194,199,200,201,205,206,211,212,217,218,223,224,229,230	f	\N	\N	f	f	\N
NAB.AX	0.78849899999999995	2016-02-19	25.620000000000001	2016-02-19	a1,a2,a5,a6,aord_a1,aord_a2,aord_a6,n225_a1,n225_a4,ndx_a3,ndx_a4,ndx_a5,ndx_a6,dji_a5,dji_a6,ftse_a5,ftse_a6,gdaxi_a3,gdaxi_a4,gdaxi_a5,gdaxi_a6,ssec_a5,ssec_a6,hsi_a1,bsesn_a3,bsesn_a5,bsesn_a6,jkse_a1,jkse_a2,jkse_a3,jkse_a4,jkse_a6,nz50_a1,nz50_a2,nz50_a3,nz50_a4,nz50_a5,nz50_a6,sti_a1,sti_a2,sti_a3,ks11_a2,ks11_a4,ks11_a5,ks11_a6,twii_a1,twii_a2,twii_a3,twii_a4,twii_a5,twii_a6,bvsp_a2,bvsp_a3,bvsp_a4,bvsp_a5,bvsp_a6,gsptse_a2,gsptse_a4,mxx_a1,mxx_a2,mxx_a5,gspc_a2,gspc_a3,gspc_a6,atx_a2,atx_a3,atx_a4,atx_a5,atx_a6,bfx_a4,bfx_a6,fchi_a1,fchi_a5,fchi_a6,ssmi_a5,ssmi_a6,gd_a3,gd_a4,gd_a5,gd_a6,eurchf_a1,audusd_a1,gbpjpy_a1,chfjpy_a1,gbpchf_a1,gbpchf_a6,nzdusd_a1,nzdusd_a3,nzdusd_a6,cmd_choc_a1,cmd_choc_a2,cmd_choc_a3,cmd_choc_a4,cmd_choc_a5,cmd_choc_a6,cmd_corn_a2,cmd_corn_a5,cmd_corn_a6,cmd_ctnn_a1,cmd_ctnn_a5,cmd_ctnn_a6,cmd_foil_a1,cmd_foil_a3,cmd_foil_a4,cmd_gaz_a1,cmd_gaz_a3,cmd_gaz_a4,cmd_gaz_a5,cmd_gaz_a6,cmd_gld_a1,cmd_gld_a2,cmd_gld_a6,cmd_hevy_a1,cmd_hevy_a2,cmd_hevy_a3,cmd_hevy_a4,cmd_hevy_a5,cmd_hevy_a6,cmd_ledd_a2,cmd_ledd_a5,cmd_ledd_a6,cmd_lstk_a3,cmd_lstk_a5,cmd_lstk_a6,cmd_oil_a4,cmd_pall_a6,cmd_pplt_a1,cmd_pplt_a5,cmd_pplt_a6,cmd_sgar_a2,cmd_sgar_a5,cmd_sgar_a6,cmd_slv_a2,cmd_soyb_a2,cmd_soyb_a4,cmd_soyb_a5,cmd_soyb_a6,cmd_uhn_a1,cmd_uhn_a5,cmd_uhn_a6,week,prediction	0.805984000000000034	3,4,9,10,11,14,15,17,18,19,20,25,26,27,28,31,32,33,34,37,38,43,44,45,46,50,51,52,53,54,55,56,58,65,76,77,78,79,81,91,97,99,101,102,105,106,108,109,112,113,115,121,122,123,125,128,129,130,133,134,135,136,139,140,145,146,147,148,149,150,151,152,153,154,155,156,157,158,159,160,161,162,163,164,165,166,167,168,169,170,171,172,173,174,175,176,177,178,179,180,181,182,183,184,185,186,188,189,190,191,192,194,195,196,197,198,200,201,202,203,204,206,207,208,209,210,212,213,214,215,218,220,221,229,231,232,236,237,238,241,242,243,244,245,246,248,251,252,254,261,262,263,271,273,274,277,278,280,283,284,285,286,287,288,289,290,291,293,294,295,296,297,298,299,302,303,304,307,309,310,313,315,316,317,318,319,321,326,327,328,331,333	t	100	0.58	t	f	1.54350999999999994
MQG.AX	0.761772000000000005	2016-02-19	63.8999999999999986	2016-02-19	a1,a2,a3,a4,aord_a5,aord_a6,n225_a1,ndx_a6,dji_a1,dji_a2,gdaxi_a1,gdaxi_a2,gdaxi_a3,ssec_a2,ssec_a3,ssec_a4,ssec_a5,ssec_a6,hsi_a3,hsi_a4,hsi_a5,hsi_a6,bsesn_a1,jkse_a1,jkse_a3,jkse_a4,jkse_a5,jkse_a6,nz50_a1,nz50_a2,nz50_a3,nz50_a4,nz50_a5,nz50_a6,sti_a1,sti_a4,sti_a5,sti_a6,ks11_a1,ks11_a3,ks11_a4,ks11_a5,ks11_a6,twii_a3,twii_a4,twii_a5,twii_a6,bvsp_a1,bvsp_a3,bvsp_a4,bvsp_a5,bvsp_a6,gsptse_a2,gsptse_a3,mxx_a1,mxx_a5,mxx_a6,gspc_a5,gspc_a6,atx_a1,atx_a4,atx_a5,atx_a6,fchi_a1,fchi_a3,fchi_a4,fchi_a5,fchi_a6,ssmi_a2,ssmi_a5,gd_a2,gd_a3,gd_a4,gd_a5,gd_a6,eurchf_a1,audusd_a1,gbpjpy_a1,gbpjpy_a3,gbpjpy_a6,chfjpy_a1,chfjpy_a2,chfjpy_a3,chfjpy_a4,chfjpy_a5,chfjpy_a6,gbpchf_a1,gbpchf_a2,gbpchf_a3,gbpchf_a4,gbpchf_a5,gbpchf_a6,nzdusd_a1,nzdusd_a2,nzdusd_a3,nzdusd_a4,nzdusd_a5,nzdusd_a6,cmd_choc_a1,cmd_choc_a5,cmd_choc_a6,cmd_corn_a1,cmd_corn_a2,cmd_corn_a3,cmd_corn_a5,cmd_corn_a6,cmd_ctnn_a3,cmd_ctnn_a6,cmd_cupm_a1,cmd_cupm_a6,cmd_gaz_a1,cmd_gaz_a6,cmd_gld_a2,cmd_gld_a5,cmd_gld_a6,cmd_hevy_a1,cmd_hevy_a2,cmd_hevy_a4,cmd_hevy_a5,cmd_hevy_a6,cmd_ledd_a2,cmd_ledd_a3,cmd_ledd_a4,cmd_ledd_a5,cmd_ledd_a6,cmd_lstk_a1,cmd_lstk_a2,cmd_lstk_a3,cmd_lstk_a4,cmd_lstk_a5,cmd_lstk_a6,cmd_nini_a1,cmd_nini_a2,cmd_oil_a1,cmd_oil_a2,cmd_oil_a4,cmd_oil_a5,cmd_oil_a6,cmd_pall_a4,cmd_pall_a5,cmd_pall_a6,cmd_pplt_a1,cmd_pplt_a3,cmd_pplt_a4,cmd_pplt_a5,cmd_pplt_a6,cmd_sgar_a2,cmd_sgar_a3,cmd_sgar_a4,cmd_sgar_a5,cmd_sgar_a6,cmd_slv_a2,cmd_slv_a3,cmd_slv_a5,cmd_soyb_a2,cmd_soyb_a3,cmd_soyb_a5,cmd_soyb_a6,cmd_uhn_a1,cmd_uhn_a6,week,optexpday,prediction	0.776715999999999962	5,6,7,8,9,10,14,15,16,17,18,19,20,21,22,23,27,28,29,30,31,32,33,34,35,36,40,41,42,43,49,50,56,57,58,59,60,62,74,75,80,85,86,92,97,100,101,102,104,105,106,109,110,111,112,116,117,121,122,123,124,125,126,128,133,135,136,138,139,145,146,147,148,149,150,151,152,153,154,155,156,157,158,159,160,161,162,163,164,165,166,167,168,169,170,171,172,173,174,175,176,177,178,179,180,181,182,183,184,185,186,188,189,190,191,192,194,195,196,197,198,200,202,203,224,225,226,232,235,236,238,239,242,243,244,245,247,248,249,250,251,252,254,255,256,257,259,261,262,267,271,285,286,287,288,291,295,296,297,302,307,313,316,318,319,322,326,327,328,329,331	t	100	0.564	t	f	1.9797800000000001
WPL.AX	0.774711999999999956	2016-02-19	28.1000000000000014	2016-02-19	a1,a2,a3,a5,a6,aord_a1,aord_a2,aord_a3,aord_a4,aord_a5,aord_a6,n225_a1,n225_a6,ndx_a6,dji_a1,dji_a2,dji_a6,ftse_a3,ftse_a5,ftse_a6,gdaxi_a3,gdaxi_a4,gdaxi_a5,gdaxi_a6,ssec_a2,ssec_a3,ssec_a4,ssec_a5,ssec_a6,bsesn_a3,bsesn_a4,bsesn_a5,bsesn_a6,jkse_a1,jkse_a6,nz50_a1,nz50_a2,nz50_a6,sti_a1,sti_a2,sti_a5,sti_a6,ks11_a1,ks11_a3,ks11_a5,ks11_a6,twii_a1,twii_a3,twii_a4,bvsp_a5,bvsp_a6,gsptse_a1,gsptse_a2,gsptse_a3,gsptse_a5,gsptse_a6,mxx_a3,mxx_a4,mxx_a5,mxx_a6,gspc_a1,gspc_a2,gspc_a3,gspc_a4,gspc_a6,atx_a1,atx_a3,atx_a4,atx_a5,atx_a6,bfx_a2,bfx_a3,bfx_a4,bfx_a5,bfx_a6,fchi_a6,ssmi_a2,ssmi_a4,ssmi_a5,ssmi_a6,gd_a1,gd_a3,gd_a4,gd_a6,audusd_a3,gbpjpy_a3,chfjpy_a3,chfjpy_a5,gbpchf_a3,gbpchf_a5,nzdusd_a2,nzdusd_a3,nzdusd_a4,nzdusd_a5,nzdusd_a6,cmd_choc_a1,cmd_choc_a2,cmd_choc_a4,cmd_choc_a5,cmd_choc_a6,cmd_corn_a1,cmd_corn_a3,cmd_corn_a5,cmd_corn_a6,cmd_cupm_a2,cmd_cupm_a4,cmd_cupm_a5,cmd_cupm_a6,cmd_foil_a1,cmd_foil_a2,cmd_foil_a3,cmd_foil_a4,cmd_foil_a5,cmd_foil_a6,cmd_gaz_a1,cmd_gaz_a2,cmd_gaz_a4,cmd_gaz_a5,cmd_gaz_a6,cmd_gld_a4,cmd_gld_a6,cmd_hevy_a2,cmd_hevy_a5,cmd_hevy_a6,cmd_ledd_a3,cmd_ledd_a5,cmd_ledd_a6,cmd_lstk_a2,cmd_lstk_a6,cmd_nini_a3,cmd_oil_a2,cmd_oil_a4,cmd_oil_a5,cmd_oil_a6,cmd_pall_a1,cmd_pall_a5,cmd_pall_a6,cmd_pplt_a1,cmd_pplt_a5,cmd_pplt_a6,cmd_sgar_a1,cmd_sgar_a5,cmd_sgar_a6,cmd_slv_a4,cmd_slv_a6,cmd_soyb_a1,cmd_soyb_a2,cmd_soyb_a3,cmd_soyb_a4,cmd_uhn_a4,cmd_uhn_a5,cmd_uhn_a6,week,prediction	0.774711999999999956	4,14,15,16,17,19,20,21,22,23,27,28,29,31,32,34,37,38,43,49,50,51,52,53,54,55,56,62,63,64,65,69,70,71,75,76,80,82,86,89,90,91,92,93,94,100,103,104,113,116,121,127,128,129,130,131,133,135,140,143,145,146,147,148,149,150,151,152,153,154,155,156,157,158,159,160,161,162,163,164,165,166,167,168,169,170,171,172,173,174,175,176,177,178,179,180,181,182,183,184,185,186,187,188,189,190,191,192,193,194,196,197,198,199,200,202,203,204,205,206,208,210,211,212,214,216,217,225,230,232,235,236,237,238,239,240,241,243,255,259,260,261,263,265,267,268,271,272,274,277,279,280,281,283,284,286,287,288,289,291,296,297,298,302,303,304,308,309,310,313,314,315,317,323,324,325,326,327,331,333	t	100	0.6592	t	f	2.52862000000000009
WES.AX	0.773808999999999969	2016-02-19	43.4299999999999997	2016-02-19	a1,a2,a3,a4,a6,aord_a1,aord_a2,aord_a3,aord_a4,aord_a5,aord_a6,n225_a1,n225_a6,ndx_a1,ndx_a2,dji_a6,ftse_a2,ftse_a3,ftse_a5,ftse_a6,gdaxi_a2,gdaxi_a3,gdaxi_a4,gdaxi_a5,gdaxi_a6,ssec_a1,ssec_a2,ssec_a3,ssec_a4,ssec_a5,ssec_a6,hsi_a1,hsi_a2,hsi_a3,hsi_a5,hsi_a6,bsesn_a1,bsesn_a3,bsesn_a5,bsesn_a6,jkse_a1,jkse_a4,jkse_a5,nz50_a1,nz50_a2,nz50_a3,nz50_a4,nz50_a5,nz50_a6,sti_a1,sti_a2,sti_a3,sti_a4,sti_a5,sti_a6,ks11_a3,ks11_a4,ks11_a6,twii_a1,twii_a2,twii_a3,twii_a4,twii_a5,twii_a6,bvsp_a2,bvsp_a4,bvsp_a5,bvsp_a6,gsptse_a1,gsptse_a4,gsptse_a5,gsptse_a6,mxx_a1,mxx_a4,gspc_a1,gspc_a2,gspc_a6,atx_a1,atx_a2,bfx_a1,bfx_a6,fchi_a6,ssmi_a1,ssmi_a2,ssmi_a4,ssmi_a5,ssmi_a6,gd_a1,gd_a5,gd_a6,gbpjpy_a2,chfjpy_a1,chfjpy_a2,gbpchf_a1,gbpchf_a2,nzdusd_a2,nzdusd_a3,nzdusd_a5,cmd_choc_a2,cmd_choc_a3,cmd_choc_a4,cmd_choc_a5,cmd_choc_a6,cmd_corn_a2,cmd_corn_a6,cmd_ctnn_a4,cmd_ctnn_a5,cmd_ctnn_a6,cmd_cupm_a4,cmd_cupm_a6,cmd_foil_a1,cmd_foil_a6,cmd_gaz_a1,cmd_gaz_a2,cmd_gaz_a3,cmd_gaz_a4,cmd_gaz_a6,cmd_gld_a3,cmd_hevy_a1,cmd_hevy_a3,cmd_hevy_a4,cmd_hevy_a6,cmd_ledd_a3,cmd_ledd_a4,cmd_ledd_a6,cmd_lstk_a1,cmd_lstk_a5,cmd_lstk_a6,cmd_nini_a4,cmd_nini_a5,cmd_nini_a6,cmd_oil_a3,cmd_oil_a6,cmd_pall_a4,cmd_pall_a5,cmd_pall_a6,cmd_pplt_a2,cmd_pplt_a3,cmd_pplt_a5,cmd_pplt_a6,cmd_sgar_a1,cmd_sgar_a2,cmd_sgar_a3,cmd_sgar_a4,cmd_sgar_a5,cmd_sgar_a6,cmd_slv_a1,cmd_slv_a2,cmd_slv_a3,cmd_slv_a5,cmd_slv_a6,cmd_soyb_a1,cmd_soyb_a5,cmd_soyb_a6,dow,week,prediction	0.773808999999999969	5,14,15,16,17,21,22,23,24,25,26,27,28,29,31,34,37,52,56,58,62,63,66,79,80,83,91,93,98,99,104,105,107,108,111,112,113,117,118,119,120,122,123,124,125,127,128,129,130,131,135,140,141,142,145,146,147,148,149,150,151,152,153,154,155,156,157,158,159,160,161,162,163,164,165,166,167,168,169,170,171,172,173,174,175,176,177,178,179,180,181,182,183,184,185,186,187,188,189,190,191,192,193,194,195,196,197,198,199,201,202,203,204,207,208,209,210,213,214,215,216,217,220,222,223,229,231,232,233,235,236,237,241,242,243,245,248,249,250,251,257,259,260,262,263,264,266,269,271,272,275,278,279,280,283,284,285,289,290,292,293,295,296,297,301,304,316,320,321,322,325,326,327,328,329,330,333	t	100	0.501	t	f	1.21131999999999995
RIO.AX	0.759869000000000017	2016-02-19	42.6199999999999974	2016-02-19	a1,a5,a6,aord_a1,aord_a3,aord_a4,aord_a5,n225_a1,n225_a4,n225_a5,n225_a6,dji_a3,dji_a4,dji_a5,dji_a6,gdaxi_a1,gdaxi_a2,gdaxi_a3,gdaxi_a4,gdaxi_a5,gdaxi_a6,ssec_a3,bsesn_a1,bsesn_a3,bsesn_a4,bsesn_a5,bsesn_a6,nz50_a2,nz50_a3,nz50_a4,nz50_a5,nz50_a6,sti_a1,sti_a4,sti_a5,ks11_a3,twii_a1,twii_a3,twii_a4,twii_a5,twii_a6,bvsp_a1,bvsp_a2,bvsp_a3,bvsp_a5,bvsp_a6,gsptse_a2,gsptse_a4,gsptse_a5,gsptse_a6,mxx_a4,atx_a1,atx_a2,atx_a3,atx_a5,atx_a6,bfx_a2,bfx_a3,bfx_a4,bfx_a5,bfx_a6,fchi_a1,fchi_a2,fchi_a6,ssmi_a1,ssmi_a2,ssmi_a3,ssmi_a6,gd_a2,gd_a3,gd_a4,gd_a6,chfjpy_a1,chfjpy_a3,gbpchf_a1,gbpchf_a3,nzdusd_a1,nzdusd_a3,nzdusd_a5,cmd_choc_a1,cmd_choc_a2,cmd_choc_a3,cmd_choc_a4,cmd_choc_a5,cmd_choc_a6,cmd_corn_a3,cmd_corn_a5,cmd_corn_a6,cmd_cupm_a6,cmd_gaz_a1,cmd_gaz_a2,cmd_gaz_a3,cmd_gaz_a4,cmd_gaz_a5,cmd_gaz_a6,cmd_gld_a1,cmd_gld_a4,cmd_gld_a6,cmd_hevy_a2,cmd_hevy_a3,cmd_hevy_a4,cmd_hevy_a6,cmd_ledd_a1,cmd_ledd_a4,cmd_ledd_a5,cmd_ledd_a6,cmd_lstk_a1,cmd_lstk_a3,cmd_lstk_a4,cmd_lstk_a6,cmd_nini_a1,cmd_nini_a2,cmd_nini_a3,cmd_nini_a4,cmd_nini_a5,cmd_nini_a6,cmd_oil_a1,cmd_oil_a2,cmd_oil_a5,cmd_oil_a6,cmd_pall_a2,cmd_pall_a3,cmd_pall_a4,cmd_pall_a5,cmd_pall_a6,cmd_pplt_a1,cmd_pplt_a4,cmd_pplt_a5,cmd_pplt_a6,cmd_sgar_a1,cmd_sgar_a2,cmd_sgar_a4,cmd_sgar_a5,cmd_sgar_a6,cmd_slv_a2,cmd_slv_a4,cmd_slv_a6,cmd_soyb_a2,cmd_soyb_a4,cmd_soyb_a5,cmd_soyb_a6,cmd_uhn_a1,cmd_uhn_a3,cmd_uhn_a4,cmd_uhn_a6,dow,week,prediction	0.779584999999999972	2,3,4,8,12,14,15,19,20,21,22,23,24,25,26,31,32,33,34,35,36,43,44,46,47,48,49,50,51,52,53,54,56,61,62,63,64,65,66,67,74,75,78,79,80,82,83,84,86,94,97,99,103,104,105,107,108,109,110,111,112,113,114,118,121,129,130,131,136,137,139,143,145,146,147,148,149,150,151,152,153,154,155,156,157,158,159,160,161,162,163,164,165,166,167,168,169,170,171,172,173,174,175,176,177,178,179,180,181,182,183,184,185,186,187,188,189,190,191,192,193,194,195,196,197,198,199,200,201,202,203,204,206,208,209,210,212,214,215,216,218,220,222,229,230,232,235,236,237,238,239,240,241,242,243,244,245,247,248,249,250,251,252,260,261,263,265,269,272,273,278,281,291,292,295,302,303,309,313,315,317,319,321,326,329,333	t	100	0.551	t	f	2.73480999999999996
SUN.AX	0.711566000000000032	2016-02-17	11.4499999999999993	2016-02-17	a1,a2,a3,a5,a6,aord_a1,aord_a2,aord_a3,aord_a4,aord_a5,aord_a6,n225_a1,n225_a2,ndx_a4,ndx_a5,ndx_a6,ftse_a1,ftse_a5,ftse_a6,ssec_a3,ssec_a4,ssec_a5,ssec_a6,hsi_a1,bsesn_a5,jkse_a1,jkse_a3,jkse_a4,jkse_a5,jkse_a6,nz50_a1,nz50_a2,nz50_a3,nz50_a4,nz50_a5,nz50_a6,sti_a1,sti_a4,sti_a5,sti_a6,ks11_a3,ks11_a4,ks11_a5,ks11_a6,twii_a4,twii_a5,twii_a6,bvsp_a6,gsptse_a2,gsptse_a3,gsptse_a6,mxx_a1,mxx_a6,gspc_a2,gspc_a6,atx_a1,atx_a6,bfx_a2,bfx_a4,bfx_a5,bfx_a6,fchi_a1,fchi_a5,fchi_a6,ssmi_a1,ssmi_a2,ssmi_a3,ssmi_a4,ssmi_a5,ssmi_a6,gd_a1,gd_a2,gd_a3,gd_a4,gd_a5,gd_a6,eurjpy_a6,eurchf_a6,audusd_a6,gbpjpy_a5,gbpjpy_a6,chfjpy_a2,chfjpy_a5,chfjpy_a6,gbpchf_a2,gbpchf_a4,gbpchf_a5,gbpchf_a6,nzdusd_a2,nzdusd_a4,nzdusd_a5,nzdusd_a6,cmd_choc_a1,cmd_choc_a2,cmd_corn_a1,cmd_corn_a2,cmd_corn_a3,cmd_corn_a6,cmd_ctnn_a2,cmd_ctnn_a6,cmd_cupm_a4,cmd_gaz_a4,cmd_gaz_a5,cmd_gaz_a6,cmd_gld_a1,cmd_gld_a5,cmd_gld_a6,cmd_hevy_a1,cmd_hevy_a2,cmd_hevy_a3,cmd_hevy_a4,cmd_hevy_a5,cmd_hevy_a6,cmd_ledd_a2,cmd_ledd_a3,cmd_ledd_a4,cmd_ledd_a5,cmd_ledd_a6,cmd_lstk_a3,cmd_lstk_a4,cmd_lstk_a5,cmd_lstk_a6,cmd_oil_a1,cmd_oil_a4,cmd_oil_a6,cmd_pall_a1,cmd_pall_a4,cmd_pplt_a2,cmd_pplt_a5,cmd_pplt_a6,cmd_sgar_a1,cmd_sgar_a5,cmd_sgar_a6,cmd_slv_a2,cmd_slv_a4,cmd_soyb_a2,cmd_soyb_a4,cmd_soyb_a5,cmd_soyb_a6,cmd_uhn_a3,cmd_uhn_a5,cmd_uhn_a6,week,prediction	0.746963999999999961	4,15,16,17,18,19,20,21,25,26,27,28,29,30,32,33,34,37,38,39,40,41,42,43,44,50,51,52,53,54,55,56,57,58,60,62,74,75,79,80,85,86,87,91,92,93,94,95,97,100,101,104,105,106,107,109,111,112,113,116,117,118,119,121,123,128,129,130,145,146,147,148,149,150,151,152,153,154,155,156,157,158,159,160,161,162,163,164,165,166,167,168,169,170,171,172,173,174,175,176,177,178,179,180,181,182,183,184,185,187,188,189,190,191,193,194,195,196,197,199,200,201,202,205,207,208,211,213,217,219,225,226,227,228,232,233,235,237,238,239,241,242,243,245,246,247,248,249,250,251,252,253,254,255,260,261,262,271,277,278,283,284,285,286,287,288,290,291,293,296,297,299,300,301,303,304,308,309,310,313,315,317,318,319,321,325,326,328,331,333	t	100	0.4461	t	f	2.05438000000000009
WOW.AX	0.781313000000000035	2016-02-19	22.9499999999999993	2016-02-19	a1,a2,a3,a4,a5,a6,aord_a1,aord_a3,aord_a4,aord_a5,aord_a6,n225_a1,n225_a4,n225_a5,n225_a6,ndx_a1,ndx_a2,ndx_a6,dji_a6,gdaxi_a1,gdaxi_a2,gdaxi_a3,gdaxi_a4,gdaxi_a5,gdaxi_a6,ssec_a1,bsesn_a1,bsesn_a5,bsesn_a6,jkse_a1,jkse_a6,nz50_a1,nz50_a2,nz50_a4,nz50_a5,nz50_a6,sti_a1,sti_a4,sti_a5,sti_a6,ks11_a1,ks11_a3,ks11_a5,ks11_a6,twii_a3,twii_a4,twii_a5,twii_a6,bvsp_a1,bvsp_a2,bvsp_a6,gsptse_a1,gsptse_a6,mxx_a1,mxx_a3,gspc_a1,gspc_a2,gspc_a3,gspc_a4,gspc_a6,atx_a5,atx_a6,bfx_a1,bfx_a2,bfx_a6,fchi_a1,fchi_a5,fchi_a6,ssmi_a4,ssmi_a6,gd_a1,gd_a3,gd_a4,gd_a5,eurchf_a2,audusd_a2,gbpjpy_a2,chfjpy_a1,chfjpy_a2,chfjpy_a3,gbpchf_a2,gbpchf_a3,nzdusd_a1,nzdusd_a3,cmd_corn_a2,cmd_corn_a6,cmd_cupm_a1,cmd_cupm_a6,cmd_foil_a1,cmd_foil_a2,cmd_foil_a6,cmd_gaz_a1,cmd_gaz_a2,cmd_gaz_a3,cmd_gld_a2,cmd_gld_a6,cmd_hevy_a2,cmd_hevy_a3,cmd_hevy_a4,cmd_hevy_a5,cmd_hevy_a6,cmd_ledd_a1,cmd_ledd_a2,cmd_ledd_a6,cmd_lstk_a1,cmd_lstk_a6,cmd_nini_a1,cmd_nini_a6,cmd_oil_a3,cmd_oil_a4,cmd_oil_a5,cmd_oil_a6,cmd_pall_a2,cmd_pplt_a1,cmd_pplt_a2,cmd_pplt_a3,cmd_pplt_a4,cmd_pplt_a5,cmd_pplt_a6,cmd_sgar_a2,cmd_sgar_a3,cmd_sgar_a4,cmd_sgar_a5,cmd_sgar_a6,cmd_slv_a2,cmd_slv_a6,cmd_soyb_a4,cmd_soyb_a5,cmd_uhn_a5,cmd_uhn_a6,dow,week,prediction	0.781313000000000035	8,14,15,21,22,23,25,26,27,28,29,31,32,33,34,35,36,44,45,46,47,48,49,50,51,52,53,54,56,57,58,62,63,64,65,69,74,75,80,82,85,86,93,94,95,98,99,100,101,104,106,107,108,113,115,116,117,118,123,124,125,128,129,130,133,134,135,137,140,144,145,146,147,148,149,150,151,152,153,154,155,156,157,158,159,160,161,162,163,164,165,166,167,168,169,170,171,172,173,174,175,176,177,178,179,180,181,182,183,184,185,186,187,189,190,191,192,193,195,196,197,198,199,201,202,203,204,208,209,210,211,214,215,216,218,220,221,222,223,224,225,226,227,228,229,231,232,233,235,236,237,238,239,240,242,243,244,245,249,250,251,256,257,258,259,261,262,263,265,273,274,275,278,279,280,281,284,285,286,287,289,290,295,297,298,299,300,307,313,315,316,317,319,320,321,324,325,326,327,328,333	t	100	0.605	t	f	2.18077999999999994
WBC.AX	0.791953000000000018	2016-02-19	29.7800000000000011	2016-02-19	a1,a2,a3,a4,a5,a6,aord_a2,n225_a1,n225_a2,n225_a3,ndx_a5,dji_a1,dji_a2,ftse_a4,ftse_a5,ftse_a6,gdaxi_a3,gdaxi_a4,gdaxi_a5,gdaxi_a6,ssec_a2,ssec_a3,ssec_a4,ssec_a5,ssec_a6,hsi_a6,bsesn_a2,bsesn_a3,bsesn_a4,bsesn_a5,bsesn_a6,jkse_a1,jkse_a2,jkse_a5,jkse_a6,nz50_a1,nz50_a2,nz50_a3,nz50_a4,sti_a1,sti_a5,ks11_a1,ks11_a2,ks11_a3,ks11_a4,ks11_a5,ks11_a6,twii_a2,twii_a3,twii_a4,twii_a5,twii_a6,bvsp_a2,bvsp_a3,bvsp_a4,bvsp_a5,bvsp_a6,gsptse_a1,mxx_a5,gspc_a1,gspc_a2,gspc_a5,gspc_a6,atx_a1,atx_a3,atx_a4,atx_a5,bfx_a4,bfx_a6,fchi_a5,fchi_a6,ssmi_a2,ssmi_a3,ssmi_a4,ssmi_a5,ssmi_a6,gd_a2,gd_a3,gd_a4,gd_a5,gd_a6,gbpjpy_a1,chfjpy_a1,gbpchf_a1,nzdusd_a1,cmd_choc_a3,cmd_choc_a4,cmd_choc_a5,cmd_choc_a6,cmd_corn_a2,cmd_corn_a3,cmd_corn_a4,cmd_corn_a5,cmd_corn_a6,cmd_ctnn_a2,cmd_ctnn_a6,cmd_cupm_a6,cmd_foil_a1,cmd_foil_a6,cmd_gaz_a3,cmd_gaz_a4,cmd_gaz_a5,cmd_gaz_a6,cmd_gld_a1,cmd_gld_a6,cmd_hevy_a1,cmd_hevy_a6,cmd_ledd_a6,cmd_lstk_a1,cmd_lstk_a3,cmd_lstk_a4,cmd_lstk_a5,cmd_lstk_a6,cmd_nini_a2,cmd_nini_a3,cmd_nini_a4,cmd_nini_a5,cmd_nini_a6,cmd_oil_a1,cmd_oil_a6,cmd_pall_a2,cmd_pplt_a2,cmd_pplt_a3,cmd_pplt_a4,cmd_pplt_a5,cmd_pplt_a6,cmd_sgar_a1,cmd_sgar_a5,cmd_slv_a1,cmd_slv_a2,cmd_soyb_a3,cmd_uhn_a1,cmd_uhn_a6,dow,week,prediction	0.791953000000000018	7,9,10,11,12,16,17,18,19,20,21,22,24,27,28,29,30,31,32,33,37,38,43,49,50,51,52,53,55,63,64,71,72,74,75,76,78,85,91,98,99,100,101,102,103,104,105,106,108,111,112,116,120,121,122,123,125,127,128,129,130,133,139,145,146,147,148,149,150,151,152,153,154,155,156,157,158,159,160,161,162,163,164,165,166,167,168,169,170,171,172,173,174,175,176,177,178,179,180,181,182,183,184,185,186,187,188,189,190,191,192,193,194,195,196,197,198,200,201,202,203,204,206,207,208,209,210,212,213,214,215,216,218,219,220,221,222,223,224,229,235,237,238,239,241,242,243,244,245,248,249,250,251,253,254,260,261,262,263,266,267,268,269,271,272,273,274,275,278,283,290,291,292,293,295,297,298,299,300,301,308,309,310,312,315,316,317,318,319,320,322,323,324,326,327,328,329,333	t	100	0.5651	t	f	1.61780999999999997
CBA.AX	0.803332999999999964	2016-02-19	73.4300000000000068	2016-02-19	a1,a3,a4,a5,a6,n225_a1,n225_a4,n225_a5,ndx_a5,dji_a5,ftse_a5,ftse_a6,gdaxi_a4,gdaxi_a5,gdaxi_a6,ssec_a6,hsi_a4,hsi_a5,hsi_a6,bsesn_a1,bsesn_a2,bsesn_a5,bsesn_a6,jkse_a1,jkse_a3,jkse_a4,jkse_a5,jkse_a6,nz50_a1,nz50_a2,nz50_a3,nz50_a4,nz50_a5,nz50_a6,sti_a1,sti_a3,sti_a4,sti_a5,sti_a6,ks11_a1,ks11_a2,ks11_a3,ks11_a4,ks11_a5,twii_a1,twii_a3,twii_a4,twii_a5,bvsp_a1,bvsp_a2,bvsp_a4,bvsp_a6,gsptse_a1,gsptse_a3,gsptse_a5,gsptse_a6,mxx_a1,mxx_a5,gspc_a4,atx_a1,atx_a2,atx_a3,atx_a4,atx_a6,bfx_a3,bfx_a4,bfx_a5,bfx_a6,fchi_a5,fchi_a6,ssmi_a1,ssmi_a2,ssmi_a4,ssmi_a5,gd_a1,gd_a2,gd_a3,gd_a4,gd_a5,gd_a6,gbpchf_a2,nzdusd_a1,cmd_choc_a3,cmd_choc_a4,cmd_choc_a5,cmd_choc_a6,cmd_corn_a3,cmd_corn_a4,cmd_corn_a5,cmd_corn_a6,cmd_ctnn_a1,cmd_ctnn_a6,cmd_foil_a5,cmd_gld_a2,cmd_gld_a6,cmd_hevy_a1,cmd_hevy_a2,cmd_hevy_a4,cmd_hevy_a5,cmd_hevy_a6,cmd_ledd_a6,cmd_lstk_a1,cmd_lstk_a2,cmd_lstk_a4,cmd_lstk_a5,cmd_lstk_a6,cmd_oil_a1,cmd_oil_a4,cmd_oil_a5,cmd_oil_a6,cmd_pall_a2,cmd_pall_a5,cmd_pall_a6,cmd_pplt_a3,cmd_pplt_a4,cmd_pplt_a5,cmd_pplt_a6,cmd_sgar_a1,cmd_sgar_a5,cmd_sgar_a6,cmd_slv_a1,cmd_slv_a2,cmd_slv_a3,cmd_slv_a4,cmd_soyb_a6,cmd_uhn_a1,dow,week,prediction	0.813166000000000055	2,7,8,9,10,11,12,14,15,18,19,20,21,22,24,25,26,27,28,30,31,32,33,34,37,38,39,43,44,45,46,47,49,50,51,57,58,62,74,84,86,90,93,95,98,100,104,105,106,108,109,110,111,113,114,119,121,122,127,128,129,130,135,138,145,146,147,148,149,150,151,152,153,154,155,156,157,158,159,160,161,162,163,164,165,166,167,168,169,170,171,172,173,174,175,176,177,178,179,180,181,182,183,184,185,186,187,188,189,190,191,192,193,194,195,196,197,198,199,200,201,202,203,204,205,206,207,208,209,210,211,213,214,215,216,218,219,220,221,222,223,224,229,230,236,237,238,239,241,242,243,244,245,246,247,248,249,250,252,253,254,255,256,257,258,259,261,262,263,267,271,272,273,274,275,279,283,284,285,286,287,288,290,291,295,297,298,301,302,308,309,310,317,318,319,320,321,322,323,326,327,328,329,330,333	t	100	0.5331	t	f	1.23346
BXB.AX	0.748058000000000001	2016-02-19	11.0600000000000005	2016-02-19	a1,a2,a3,a4,aord_a1,aord_a2,aord_a5,aord_a6,n225_a1,n225_a5,n225_a6,ndx_a3,ndx_a4,ndx_a5,ndx_a6,dji_a4,dji_a5,ftse_a2,ftse_a3,ftse_a4,ftse_a6,gdaxi_a5,gdaxi_a6,ssec_a1,ssec_a3,ssec_a4,ssec_a5,ssec_a6,hsi_a1,hsi_a2,hsi_a3,hsi_a4,hsi_a6,bsesn_a1,bsesn_a2,bsesn_a5,bsesn_a6,jkse_a1,jkse_a3,jkse_a4,jkse_a5,jkse_a6,nz50_a2,nz50_a3,sti_a1,sti_a2,ks11_a1,ks11_a3,twii_a1,twii_a2,twii_a3,twii_a4,twii_a6,bvsp_a2,bvsp_a5,bvsp_a6,gsptse_a2,gsptse_a3,gsptse_a4,gsptse_a5,gsptse_a6,mxx_a1,mxx_a3,mxx_a5,mxx_a6,gspc_a1,atx_a1,atx_a4,atx_a5,atx_a6,bfx_a5,bfx_a6,fchi_a2,fchi_a4,fchi_a5,fchi_a6,ssmi_a4,ssmi_a6,gd_a2,gd_a4,gd_a5,eurusd_a5,eurusd_a6,usdjpy_a5,usdjpy_a6,usdchf_a5,usdchf_a6,gbpusd_a1,gbpusd_a5,gbpusd_a6,usdcad_a1,usdcad_a5,usdcad_a6,eurgbp_a1,eurgbp_a5,eurgbp_a6,eurjpy_a1,eurjpy_a5,eurjpy_a6,eurchf_a1,eurchf_a4,eurchf_a5,eurchf_a6,audusd_a1,audusd_a4,audusd_a5,audusd_a6,gbpjpy_a2,gbpjpy_a3,gbpjpy_a4,gbpjpy_a5,gbpjpy_a6,chfjpy_a2,chfjpy_a5,chfjpy_a6,gbpchf_a1,gbpchf_a2,gbpchf_a3,gbpchf_a4,gbpchf_a5,gbpchf_a6,nzdusd_a1,nzdusd_a2,nzdusd_a3,nzdusd_a4,nzdusd_a5,nzdusd_a6,cmd_choc_a5,cmd_choc_a6,cmd_corn_a2,cmd_corn_a3,cmd_corn_a5,cmd_corn_a6,cmd_ctnn_a6,cmd_cupm_a1,cmd_cupm_a2,cmd_cupm_a3,cmd_foil_a6,cmd_gaz_a1,cmd_gaz_a3,cmd_gaz_a4,cmd_gaz_a5,cmd_gaz_a6,cmd_gld_a1,cmd_gld_a2,cmd_gld_a5,cmd_gld_a6,cmd_hevy_a1,cmd_hevy_a2,cmd_hevy_a3,cmd_hevy_a4,cmd_hevy_a5,cmd_hevy_a6,cmd_ledd_a1,cmd_ledd_a2,cmd_ledd_a3,cmd_ledd_a5,cmd_ledd_a6,cmd_lstk_a1,cmd_lstk_a3,cmd_lstk_a4,cmd_lstk_a5,cmd_nini_a1,cmd_oil_a1,cmd_oil_a3,cmd_oil_a4,cmd_oil_a5,cmd_oil_a6,cmd_pall_a2,cmd_pall_a5,cmd_pall_a6,cmd_pplt_a1,cmd_pplt_a3,cmd_pplt_a4,cmd_pplt_a5,cmd_pplt_a6,cmd_sgar_a4,cmd_sgar_a5,cmd_sgar_a6,cmd_slv_a5,cmd_slv_a6,cmd_soyb_a2,cmd_soyb_a3,cmd_soyb_a5,cmd_soyb_a6,cmd_uhn_a3,cmd_uhn_a4,cmd_uhn_a5,cmd_uhn_a6,week,optexpday,prediction	0.744636999999999993	5,6,9,10,14,15,16,19,20,25,26,27,30,31,35,37,38,39,40,44,53,57,58,62,67,70,71,72,75,76,77,78,80,82,83,84,89,91,93,94,97,104,106,110,111,112,113,114,116,117,121,122,123,124,127,129,133,134,135,137,139,141,144,145,146,147,148,151,152,153,154,157,158,159,160,164,165,166,170,171,172,176,177,178,182,183,184,188,189,194,195,199,205,207,208,223,224,225,226,229,232,235,236,237,238,239,244,245,246,247,248,249,250,251,254,261,262,274,278,282,284,285,286,287,288,290,295,297,298,302,307,308,309,313,314,315,316,319,322,325,326,331	t	100	0.59	t	f	1.46361000000000008
IAG.AX	0.746909999999999963	2016-02-19	5.40000000000000036	2016-02-19	a1,a2,a3,a4,a5,a6,aord_a2,aord_a4,aord_a5,aord_a6,n225_a5,dji_a1,dji_a3,ftse_a5,gdaxi_a2,gdaxi_a3,ssec_a1,ssec_a3,ssec_a5,ssec_a6,hsi_a2,bsesn_a6,jkse_a1,jkse_a3,jkse_a4,jkse_a6,nz50_a1,nz50_a2,nz50_a3,nz50_a4,sti_a1,sti_a4,sti_a5,sti_a6,ks11_a3,ks11_a4,ks11_a5,ks11_a6,twii_a1,twii_a4,bvsp_a1,gsptse_a1,gsptse_a2,gsptse_a5,mxx_a1,mxx_a2,mxx_a3,mxx_a4,mxx_a5,mxx_a6,gspc_a1,gspc_a3,gspc_a5,atx_a1,atx_a5,bfx_a1,bfx_a2,bfx_a3,bfx_a5,fchi_a4,fchi_a5,fchi_a6,ssmi_a1,ssmi_a2,ssmi_a4,ssmi_a5,ssmi_a6,gd_a3,gd_a4,gd_a5,gd_a6,nzdusd_a3,nzdusd_a4,nzdusd_a5,nzdusd_a6,cmd_choc_a1,cmd_choc_a2,cmd_choc_a3,cmd_choc_a4,cmd_choc_a5,cmd_choc_a6,cmd_corn_a1,cmd_corn_a2,cmd_corn_a3,cmd_corn_a4,cmd_corn_a6,cmd_ctnn_a2,cmd_ctnn_a5,cmd_ctnn_a6,cmd_cupm_a1,cmd_foil_a5,cmd_foil_a6,cmd_gaz_a2,cmd_gaz_a6,cmd_gld_a3,cmd_hevy_a2,cmd_hevy_a4,cmd_hevy_a5,cmd_hevy_a6,cmd_ledd_a4,cmd_ledd_a6,cmd_lstk_a2,cmd_lstk_a4,cmd_lstk_a5,cmd_lstk_a6,cmd_oil_a1,cmd_oil_a6,cmd_pall_a1,cmd_pplt_a3,cmd_pplt_a4,cmd_pplt_a5,cmd_pplt_a6,cmd_sgar_a1,cmd_sgar_a2,cmd_sgar_a5,cmd_sgar_a6,cmd_slv_a1,cmd_slv_a2,cmd_slv_a3,cmd_slv_a4,cmd_slv_a5,cmd_slv_a6,cmd_soyb_a2,cmd_soyb_a4,cmd_soyb_a6,cmd_uhn_a5,cmd_uhn_a6,dow,week,optexpday,prediction	0.740971999999999964	7,9,13,14,15,16,18,19,20,21,22,23,24,26,28,29,30,31,32,33,34,36,37,40,41,42,44,46,49,51,52,53,54,55,56,57,58,59,62,65,71,72,74,75,79,80,86,87,89,90,92,93,94,95,96,99,100,102,110,112,114,116,117,118,120,124,126,127,128,129,135,139,140,145,146,147,148,149,150,151,152,153,154,155,156,157,158,159,160,161,162,163,164,165,166,167,168,169,170,171,172,173,174,175,176,177,178,179,180,181,182,183,184,185,186,187,188,189,190,191,192,193,194,195,196,197,198,199,200,201,202,203,204,205,206,207,208,209,210,211,212,213,214,215,216,217,218,233,235,237,238,242,243,244,245,246,247,248,249,250,253,255,256,257,259,260,262,263,264,265,267,271,272,273,275,277,279,283,284,285,286,287,288,290,291,292,293,296,297,298,299,300,301,302,309,310,319,321,323,325,326,327,328	t	100	0.625	t	f	1.88088000000000011
BHP.AX	0.780313000000000034	2016-02-19	16.6099999999999994	2016-02-19	a1,a2,a3,a4,a5,a6,aord_a1,aord_a4,aord_a5,aord_a6,n225_a1,n225_a5,n225_a6,ndx_a2,dji_a5,dji_a6,gdaxi_a1,gdaxi_a2,gdaxi_a3,gdaxi_a4,gdaxi_a5,gdaxi_a6,bsesn_a1,bsesn_a2,bsesn_a3,bsesn_a4,bsesn_a5,bsesn_a6,nz50_a2,nz50_a3,nz50_a4,nz50_a5,nz50_a6,sti_a1,sti_a4,sti_a5,sti_a6,ks11_a2,ks11_a3,ks11_a4,ks11_a5,ks11_a6,twii_a1,twii_a3,twii_a5,bvsp_a1,bvsp_a2,bvsp_a6,gsptse_a1,gsptse_a3,gsptse_a4,gsptse_a5,gsptse_a6,mxx_a1,mxx_a3,mxx_a4,mxx_a5,mxx_a6,gspc_a6,atx_a1,atx_a2,atx_a4,atx_a6,bfx_a1,bfx_a3,bfx_a4,bfx_a6,fchi_a3,fchi_a6,ssmi_a1,ssmi_a2,ssmi_a3,ssmi_a4,ssmi_a6,gd_a2,gd_a3,gd_a4,gd_a5,gd_a6,audusd_a6,gbpjpy_a6,chfjpy_a1,chfjpy_a3,chfjpy_a5,chfjpy_a6,gbpchf_a1,gbpchf_a3,gbpchf_a4,gbpchf_a5,gbpchf_a6,nzdusd_a1,nzdusd_a3,nzdusd_a4,nzdusd_a5,nzdusd_a6,cmd_choc_a1,cmd_choc_a2,cmd_choc_a3,cmd_choc_a4,cmd_choc_a5,cmd_choc_a6,cmd_corn_a3,cmd_corn_a4,cmd_corn_a5,cmd_corn_a6,cmd_cupm_a6,cmd_foil_a1,cmd_foil_a6,cmd_gaz_a4,cmd_gld_a1,cmd_gld_a4,cmd_gld_a6,cmd_hevy_a1,cmd_hevy_a6,cmd_ledd_a3,cmd_lstk_a1,cmd_lstk_a2,cmd_lstk_a3,cmd_lstk_a4,cmd_lstk_a6,cmd_nini_a1,cmd_oil_a1,cmd_oil_a2,cmd_oil_a3,cmd_oil_a4,cmd_oil_a5,cmd_oil_a6,cmd_pall_a4,cmd_pall_a5,cmd_pall_a6,cmd_pplt_a1,cmd_pplt_a5,cmd_pplt_a6,cmd_sgar_a1,cmd_sgar_a2,cmd_sgar_a5,cmd_slv_a1,cmd_slv_a2,cmd_slv_a4,cmd_slv_a6,cmd_soyb_a1,cmd_soyb_a4,cmd_soyb_a5,cmd_soyb_a6,cmd_uhn_a1,cmd_uhn_a3,cmd_uhn_a4,cmd_uhn_a5,cmd_uhn_a6,week,prediction	0.780317000000000038	8,9,14,15,16,19,21,22,23,24,25,26,27,28,31,32,33,34,35,36,43,44,45,46,47,48,49,50,51,52,53,54,61,62,63,64,65,66,67,74,75,79,86,88,90,93,94,95,98,104,109,110,111,112,113,117,119,122,125,127,128,130,131,137,139,145,146,147,148,149,150,151,152,153,154,155,156,157,158,159,160,161,162,163,164,165,166,167,168,169,170,171,172,173,174,175,176,177,178,179,180,181,182,183,184,185,186,187,188,189,190,191,192,193,194,195,196,197,199,200,201,202,203,206,208,212,218,229,230,235,236,237,238,239,240,241,242,243,244,245,248,249,250,251,253,254,255,257,258,260,261,263,266,267,268,269,271,272,274,275,276,281,284,285,286,287,288,295,296,297,302,303,304,309,310,312,315,317,320,321,326,331,333	t	100	0.5241	t	f	3.18802999999999992
AMP.AX	0.748966000000000021	2016-02-19	5.45000000000000018	2016-02-19	a3,a4,a5,a6,aord_a1,aord_a2,aord_a4,aord_a5,aord_a6,n225_a1,n225_a5,n225_a6,ndx_a1,ndx_a6,dji_a2,dji_a3,dji_a5,dji_a6,ftse_a3,ftse_a4,ftse_a5,ftse_a6,gdaxi_a2,gdaxi_a3,gdaxi_a4,gdaxi_a5,gdaxi_a6,ssec_a2,ssec_a5,ssec_a6,bsesn_a2,bsesn_a3,bsesn_a4,bsesn_a6,jkse_a1,jkse_a3,jkse_a6,nz50_a1,nz50_a2,nz50_a3,sti_a1,sti_a4,sti_a5,sti_a6,ks11_a2,ks11_a3,ks11_a6,twii_a1,twii_a3,twii_a4,twii_a5,bvsp_a1,bvsp_a5,bvsp_a6,gsptse_a1,gsptse_a6,mxx_a1,mxx_a2,mxx_a6,gspc_a1,gspc_a2,gspc_a3,gspc_a4,atx_a1,atx_a3,atx_a6,bfx_a6,fchi_a4,fchi_a5,fchi_a6,ssmi_a1,ssmi_a2,ssmi_a3,ssmi_a4,ssmi_a5,ssmi_a6,eurgbp_a1,eurjpy_a1,eurchf_a1,audusd_a1,gbpjpy_a1,gbpjpy_a5,chfjpy_a1,chfjpy_a3,chfjpy_a5,gbpchf_a1,gbpchf_a2,gbpchf_a3,gbpchf_a5,nzdusd_a1,nzdusd_a2,nzdusd_a3,nzdusd_a5,cmd_choc_a2,cmd_choc_a4,cmd_choc_a5,cmd_corn_a1,cmd_corn_a2,cmd_corn_a3,cmd_corn_a6,cmd_ctnn_a3,cmd_cupm_a2,cmd_foil_a6,cmd_gaz_a1,cmd_gaz_a2,cmd_gaz_a6,cmd_gld_a5,cmd_gld_a6,cmd_hevy_a1,cmd_hevy_a2,cmd_hevy_a3,cmd_hevy_a4,cmd_hevy_a6,cmd_ledd_a6,cmd_lstk_a1,cmd_lstk_a4,cmd_lstk_a5,cmd_lstk_a6,cmd_nini_a1,cmd_nini_a6,cmd_oil_a1,cmd_oil_a6,cmd_pall_a1,cmd_pall_a2,cmd_pplt_a1,cmd_pplt_a3,cmd_pplt_a5,cmd_sgar_a1,cmd_sgar_a2,cmd_sgar_a5,cmd_sgar_a6,cmd_slv_a3,cmd_slv_a4,cmd_slv_a5,cmd_slv_a6,cmd_soyb_a3,cmd_soyb_a4,cmd_soyb_a5,cmd_soyb_a6,cmd_uhn_a1,cmd_uhn_a3,cmd_uhn_a4,cmd_uhn_a6,dow,week,prediction	0.748971000000000053	1,2,9,14,15,16,20,21,22,23,25,28,31,32,37,43,45,46,49,50,51,52,53,54,55,59,62,64,65,70,71,72,74,75,79,82,83,86,90,92,93,94,98,99,100,101,105,106,107,113,114,116,118,119,121,122,123,124,125,127,128,129,139,140,141,142,143,144,145,146,147,148,149,150,151,152,153,154,155,156,157,158,159,160,161,162,163,164,165,166,167,168,169,170,171,172,173,174,176,177,178,179,180,182,183,184,185,186,188,189,190,191,192,194,195,196,197,198,200,201,202,204,206,208,210,214,216,220,222,223,225,228,232,233,235,236,238,239,240,241,243,244,245,246,247,248,249,250,251,255,256,257,259,260,261,262,269,271,272,273,274,275,278,279,284,285,286,287,290,291,292,293,297,298,299,300,302,304,306,309,310,313,314,319,320,326,329,333	t	100	0.6531	t	f	2.50823000000000018
QBE.AX	0.712508999999999948	2016-02-19	10.1899999999999995	2016-02-19	a1,a2,a3,a4,a5,aord_a2,aord_a5,aord_a6,n225_a1,n225_a2,n225_a4,n225_a5,ndx_a1,ndx_a2,ndx_a4,ndx_a5,ndx_a6,dji_a1,dji_a3,ftse_a4,ftse_a5,ftse_a6,gdaxi_a2,gdaxi_a3,gdaxi_a4,ssec_a1,ssec_a2,ssec_a4,ssec_a5,ssec_a6,hsi_a4,hsi_a5,jkse_a1,jkse_a3,jkse_a6,nz50_a1,nz50_a2,nz50_a3,nz50_a4,nz50_a5,nz50_a6,sti_a1,sti_a5,sti_a6,ks11_a2,ks11_a3,ks11_a4,ks11_a5,ks11_a6,twii_a5,twii_a6,bvsp_a2,bvsp_a3,bvsp_a5,bvsp_a6,mxx_a1,mxx_a2,mxx_a3,mxx_a4,mxx_a5,mxx_a6,atx_a1,atx_a4,atx_a5,atx_a6,ssmi_a1,ssmi_a2,ssmi_a3,ssmi_a4,ssmi_a5,ssmi_a6,gd_a1,gd_a2,gd_a4,gd_a5,gd_a6,gbpjpy_a1,gbpchf_a1,gbpchf_a6,nzdusd_a2,nzdusd_a6,cmd_choc_a5,cmd_choc_a6,cmd_corn_a1,cmd_corn_a2,cmd_corn_a3,cmd_corn_a5,cmd_corn_a6,cmd_cupm_a4,cmd_foil_a1,cmd_foil_a3,cmd_foil_a4,cmd_gaz_a3,cmd_gld_a1,cmd_gld_a2,cmd_gld_a3,cmd_gld_a4,cmd_gld_a5,cmd_gld_a6,cmd_hevy_a2,cmd_hevy_a3,cmd_hevy_a4,cmd_hevy_a5,cmd_hevy_a6,cmd_lstk_a2,cmd_lstk_a3,cmd_lstk_a5,cmd_lstk_a6,cmd_nini_a2,cmd_oil_a3,cmd_oil_a4,cmd_oil_a5,cmd_oil_a6,cmd_pplt_a2,cmd_pplt_a3,cmd_pplt_a6,cmd_slv_a2,cmd_slv_a3,cmd_slv_a4,cmd_slv_a5,cmd_slv_a6,cmd_soyb_a5,cmd_soyb_a6,cmd_uhn_a1,cmd_uhn_a2,cmd_uhn_a3,cmd_uhn_a4,cmd_uhn_a5,cmd_uhn_a6,week,prediction	0.712512000000000034	6,7,9,10,15,18,21,26,28,29,30,31,32,33,37,41,42,45,49,50,51,54,55,56,57,58,59,60,62,64,65,74,75,76,79,85,86,87,88,91,94,97,98,99,100,101,102,109,110,111,112,113,114,116,117,121,122,123,124,125,126,127,128,129,130,131,132,141,145,146,147,148,149,150,151,152,153,154,155,156,157,158,159,160,161,162,163,164,165,166,167,168,169,170,171,172,173,174,175,176,177,178,179,180,181,182,183,184,185,186,187,188,189,190,191,192,193,194,195,196,197,198,200,201,202,203,204,205,206,207,208,209,210,212,213,214,215,217,219,220,221,223,224,225,226,232,235,236,237,238,239,240,241,242,243,245,246,248,251,252,253,254,256,257,258,265,271,272,273,274,275,276,277,280,283,285,286,287,288,289,290,295,296,297,298,299,300,301,304,305,307,308,309,310,311,312,313,319,320,321,322,331,333	t	100	0.4511	t	f	3.4315500000000001
SCG.AX	0.731553000000000009	2016-02-19	4.50999999999999979	2016-02-19	a2,a3,a4,a5,a6,aord_a1,aord_a4,aord_a5,aord_a6,n225_a1,n225_a2,n225_a3,n225_a4,n225_a5,ndx_a6,dji_a1,dji_a2,ftse_a2,gdaxi_a3,gdaxi_a5,gdaxi_a6,ssec_a1,ssec_a5,ssec_a6,hsi_a1,hsi_a2,bsesn_a1,bsesn_a2,bsesn_a3,bsesn_a5,jkse_a3,jkse_a6,nz50_a1,nz50_a2,nz50_a3,nz50_a4,nz50_a5,nz50_a6,sti_a1,sti_a5,sti_a6,twii_a4,bvsp_a1,bvsp_a2,bvsp_a3,bvsp_a4,gsptse_a6,mxx_a1,mxx_a2,mxx_a3,mxx_a4,mxx_a5,mxx_a6,gspc_a1,gspc_a5,gspc_a6,atx_a1,atx_a2,atx_a3,atx_a4,atx_a5,atx_a6,bfx_a1,bfx_a2,bfx_a3,bfx_a4,fchi_a3,fchi_a5,fchi_a6,ssmi_a2,ssmi_a3,ssmi_a4,ssmi_a5,ssmi_a6,gd_a2,gd_a3,gd_a4,gd_a5,gd_a6,eurgbp_a6,eurjpy_a6,eurchf_a2,eurchf_a6,audusd_a2,audusd_a6,gbpjpy_a2,gbpjpy_a5,gbpjpy_a6,chfjpy_a4,chfjpy_a6,gbpchf_a1,gbpchf_a3,gbpchf_a4,gbpchf_a5,gbpchf_a6,nzdusd_a1,nzdusd_a2,nzdusd_a3,nzdusd_a4,nzdusd_a5,nzdusd_a6,cmd_choc_a3,cmd_choc_a5,cmd_choc_a6,cmd_corn_a1,cmd_corn_a2,cmd_corn_a4,cmd_corn_a6,cmd_ctnn_a1,cmd_ctnn_a6,cmd_cupm_a2,cmd_cupm_a5,cmd_cupm_a6,cmd_foil_a2,cmd_foil_a3,cmd_foil_a4,cmd_foil_a5,cmd_foil_a6,cmd_gaz_a1,cmd_gaz_a2,cmd_gaz_a4,cmd_gaz_a5,cmd_gaz_a6,cmd_gld_a1,cmd_gld_a3,cmd_gld_a4,cmd_gld_a6,cmd_hevy_a4,cmd_hevy_a5,cmd_hevy_a6,cmd_ledd_a2,cmd_lstk_a1,cmd_lstk_a4,cmd_lstk_a5,cmd_lstk_a6,cmd_nini_a3,cmd_nini_a4,cmd_nini_a5,cmd_nini_a6,cmd_oil_a5,cmd_pall_a1,cmd_pall_a2,cmd_pall_a4,cmd_pall_a5,cmd_pall_a6,cmd_pplt_a1,cmd_pplt_a4,cmd_pplt_a5,cmd_pplt_a6,cmd_sgar_a3,cmd_sgar_a6,cmd_slv_a1,cmd_slv_a2,cmd_soyb_a1,cmd_soyb_a3,cmd_soyb_a4,cmd_soyb_a5,cmd_soyb_a6,cmd_uhn_a1,cmd_uhn_a3,cmd_uhn_a4,cmd_uhn_a5,cmd_uhn_a6,week,prediction	0.756236000000000019	1,8,9,18,19,20,21,22,23,27,28,29,30,31,33,34,35,36,37,38,40,44,45,46,51,52,53,54,58,60,61,62,64,65,74,75,76,79,80,81,82,83,84,85,86,87,89,90,95,96,97,98,99,100,101,110,111,112,125,126,127,128,130,133,139,145,146,147,148,149,150,151,152,153,154,155,156,157,158,159,160,161,162,163,164,165,166,167,168,169,170,171,172,173,174,175,176,177,178,179,181,182,183,184,185,187,189,190,191,193,195,196,197,199,201,202,205,206,207,209,212,223,224,226,231,233,236,237,238,239,241,243,244,247,255,260,263,265,266,267,271,273,274,275,276,278,279,283,284,289,290,291,292,294,297,302,303,307,308,310,311,315,316,317,318,320,326,331,333	t	100	0.5371	t	f	1.5013399999999999
TLS.AX	0.784498000000000029	2016-02-19	5.28000000000000025	2016-02-19	a1,a2,a3,a6,aord_a1,aord_a4,aord_a5,aord_a6,n225_a1,n225_a5,n225_a6,ndx_a6,dji_a2,dji_a4,dji_a5,dji_a6,ftse_a1,ftse_a2,ftse_a3,ftse_a4,ftse_a5,ftse_a6,gdaxi_a3,gdaxi_a4,gdaxi_a5,gdaxi_a6,ssec_a2,ssec_a3,ssec_a4,ssec_a5,ssec_a6,bsesn_a1,bsesn_a2,bsesn_a3,bsesn_a4,bsesn_a5,bsesn_a6,jkse_a4,jkse_a5,jkse_a6,nz50_a1,nz50_a2,nz50_a3,nz50_a4,nz50_a5,nz50_a6,sti_a1,sti_a4,sti_a5,sti_a6,ks11_a1,ks11_a3,ks11_a4,ks11_a5,ks11_a6,twii_a1,twii_a3,twii_a4,twii_a5,twii_a6,bvsp_a1,bvsp_a2,gsptse_a1,gsptse_a2,gsptse_a3,mxx_a1,mxx_a2,mxx_a5,mxx_a6,gspc_a2,gspc_a3,gspc_a4,gspc_a5,gspc_a6,atx_a2,atx_a3,atx_a4,atx_a5,atx_a6,bfx_a6,fchi_a1,fchi_a5,fchi_a6,ssmi_a1,ssmi_a2,ssmi_a4,ssmi_a5,ssmi_a6,gd_a1,gd_a2,gd_a4,gd_a5,gd_a6,gbpchf_a1,gbpchf_a5,nzdusd_a1,nzdusd_a3,nzdusd_a5,nzdusd_a6,cmd_choc_a2,cmd_choc_a4,cmd_choc_a5,cmd_choc_a6,cmd_corn_a1,cmd_corn_a3,cmd_corn_a6,cmd_ctnn_a1,cmd_ctnn_a5,cmd_ctnn_a6,cmd_cupm_a1,cmd_cupm_a2,cmd_cupm_a4,cmd_cupm_a5,cmd_cupm_a6,cmd_foil_a5,cmd_foil_a6,cmd_gaz_a2,cmd_gaz_a3,cmd_gaz_a4,cmd_gaz_a5,cmd_gaz_a6,cmd_gld_a1,cmd_gld_a6,cmd_hevy_a1,cmd_hevy_a5,cmd_hevy_a6,cmd_ledd_a1,cmd_lstk_a1,cmd_lstk_a2,cmd_lstk_a4,cmd_lstk_a5,cmd_lstk_a6,cmd_nini_a1,cmd_nini_a2,cmd_pall_a1,cmd_pall_a5,cmd_pall_a6,cmd_pplt_a4,cmd_pplt_a5,cmd_pplt_a6,cmd_sgar_a2,cmd_sgar_a5,cmd_sgar_a6,cmd_slv_a1,cmd_slv_a2,cmd_slv_a3,cmd_slv_a4,cmd_soyb_a1,cmd_soyb_a4,cmd_soyb_a5,cmd_soyb_a6,cmd_uhn_a3,dow,week,prediction	0.784498000000000029	4,5,8,9,14,15,16,19,20,21,22,23,25,27,37,38,43,49,50,51,52,53,54,61,62,63,74,75,80,86,93,94,95,96,100,101,102,105,106,109,115,121,122,123,124,125,128,129,130,135,141,145,146,147,148,149,150,151,152,153,154,155,156,157,158,159,160,161,162,163,164,165,166,167,168,169,170,171,172,173,174,175,176,177,178,179,180,181,182,183,184,185,186,187,188,189,190,191,192,193,194,195,196,197,198,199,200,201,202,203,204,205,206,207,208,209,210,212,213,214,216,218,220,223,225,230,232,233,236,237,238,243,247,248,249,250,253,260,261,262,263,266,267,268,272,273,274,275,276,279,285,286,287,288,289,290,291,292,293,294,296,297,298,301,302,303,307,309,310,317,318,320,321,325,326,328,329,330,333	t	100	0.505	t	f	0.961655999999999955
ANZ.AX	0.788374000000000019	2016-02-19	23.3999999999999986	2016-02-19	a1,a2,a4,a5,a6,n225_a1,n225_a2,n225_a3,ndx_a1,ndx_a3,ndx_a4,ndx_a5,ndx_a6,dji_a1,dji_a2,ftse_a5,ftse_a6,gdaxi_a1,gdaxi_a3,gdaxi_a4,gdaxi_a5,gdaxi_a6,ssec_a5,ssec_a6,hsi_a4,hsi_a6,bsesn_a1,bsesn_a2,bsesn_a3,bsesn_a4,bsesn_a5,bsesn_a6,jkse_a1,jkse_a3,jkse_a4,jkse_a5,jkse_a6,nz50_a2,nz50_a3,nz50_a4,nz50_a5,nz50_a6,sti_a1,sti_a3,ks11_a3,ks11_a4,ks11_a5,ks11_a6,twii_a3,twii_a4,twii_a5,twii_a6,bvsp_a1,bvsp_a2,bvsp_a3,bvsp_a4,bvsp_a6,gsptse_a1,gsptse_a3,gsptse_a5,gsptse_a6,mxx_a1,mxx_a2,gspc_a2,gspc_a5,atx_a1,atx_a3,atx_a5,bfx_a4,bfx_a6,fchi_a5,fchi_a6,ssmi_a2,ssmi_a4,ssmi_a5,ssmi_a6,gd_a3,gd_a4,gd_a5,gd_a6,eurgbp_a1,eurjpy_a1,eurchf_a1,audusd_a1,gbpjpy_a1,gbpchf_a3,cmd_choc_a1,cmd_choc_a2,cmd_choc_a3,cmd_choc_a4,cmd_choc_a5,cmd_choc_a6,cmd_corn_a2,cmd_corn_a3,cmd_corn_a5,cmd_corn_a6,cmd_ctnn_a1,cmd_ctnn_a5,cmd_ctnn_a6,cmd_cupm_a4,cmd_foil_a1,cmd_foil_a4,cmd_gaz_a2,cmd_gaz_a3,cmd_gaz_a4,cmd_gaz_a5,cmd_gaz_a6,cmd_gld_a1,cmd_gld_a6,cmd_hevy_a1,cmd_hevy_a4,cmd_hevy_a5,cmd_hevy_a6,cmd_ledd_a6,cmd_lstk_a1,cmd_lstk_a3,cmd_lstk_a4,cmd_lstk_a5,cmd_lstk_a6,cmd_oil_a1,cmd_oil_a4,cmd_oil_a6,cmd_pall_a6,cmd_pplt_a2,cmd_pplt_a3,cmd_pplt_a4,cmd_pplt_a5,cmd_pplt_a6,cmd_sgar_a1,cmd_sgar_a5,cmd_sgar_a6,cmd_slv_a5,cmd_slv_a6,cmd_soyb_a5,cmd_soyb_a6,cmd_uhn_a1,cmd_uhn_a6,week,optexpday,prediction	0.809961000000000042	3,7,8,9,10,11,12,16,17,18,20,27,28,29,30,31,32,33,34,38,43,44,45,46,49,50,51,53,62,67,74,76,77,78,79,80,85,86,95,98,100,105,106,107,108,109,111,112,114,116,118,120,121,122,123,125,127,128,129,130,133,135,139,140,145,146,147,148,149,150,151,152,153,154,155,156,157,158,159,160,161,162,163,164,165,166,167,168,169,170,171,172,173,174,176,177,178,179,180,182,183,184,185,186,188,189,190,191,192,194,195,196,197,198,200,201,202,203,204,205,206,207,208,209,210,211,212,214,215,216,217,218,219,220,221,222,229,232,236,237,238,241,242,243,245,246,248,249,251,252,253,260,261,262,263,266,267,271,272,273,274,275,278,283,284,285,286,287,288,290,291,293,295,296,297,298,299,301,308,309,310,313,314,315,316,319,320,321,322,326,327,328,329,331	t	100	0.576	t	f	1.5394000000000001
^GDAXI	0.77604799999999996	2016-02-19	9388.04980500000056	2016-02-19	a1,a2,aord_a3,aord_a6,n225_a1,n225_a2,n225_a3,ndx_a3,ftse_a6,gdaxi_a1,ssec_a1,ssec_a2,ssec_a5,ssec_a6,hsi_a3,hsi_a4,bsesn_a1,bsesn_a3,bsesn_a5,bsesn_a6,jkse_a4,jkse_a6,nz50_a1,nz50_a2,nz50_a3,nz50_a4,nz50_a5,nz50_a6,sti_a1,sti_a4,sti_a5,sti_a6,twii_a1,twii_a3,twii_a6,bvsp_a1,bvsp_a4,bvsp_a5,bvsp_a6,gsptse_a1,mxx_a6,atx_a2,atx_a3,atx_a4,atx_a6,bfx_a1,bfx_a6,fchi_a3,fchi_a4,fchi_a5,fchi_a6,ssmi_a2,gd_a2,gd_a3,gd_a4,gd_a5,gd_a6,usdcad_a3,eurgbp_a3,eurjpy_a3,cmd_choc_a2,cmd_choc_a4,cmd_choc_a5,cmd_choc_a6,cmd_corn_a1,cmd_corn_a2,cmd_corn_a3,cmd_corn_a4,cmd_corn_a5,cmd_corn_a6,cmd_ctnn_a2,cmd_ctnn_a6,cmd_cupm_a2,cmd_gaz_a3,cmd_gaz_a4,cmd_gaz_a5,cmd_gaz_a6,cmd_gld_a1,cmd_gld_a3,cmd_gld_a5,cmd_gld_a6,cmd_hevy_a1,cmd_hevy_a5,cmd_hevy_a6,cmd_lstk_a1,cmd_lstk_a2,cmd_lstk_a4,cmd_lstk_a5,cmd_lstk_a6,cmd_nini_a1,cmd_nini_a2,cmd_nini_a3,cmd_nini_a4,cmd_nini_a5,cmd_nini_a6,cmd_oil_a3,cmd_oil_a4,cmd_pall_a1,cmd_pall_a4,cmd_pall_a5,cmd_pall_a6,cmd_pplt_a2,cmd_pplt_a6,cmd_sgar_a1,cmd_sgar_a4,cmd_sgar_a5,cmd_sgar_a6,cmd_slv_a1,cmd_slv_a3,cmd_slv_a4,cmd_slv_a5,cmd_slv_a6,cmd_soyb_a1,cmd_soyb_a3,cmd_soyb_a4,cmd_soyb_a5,cmd_soyb_a6,cmd_uhn_a2,cmd_uhn_a4,cmd_uhn_a6,week,prediction	0.77604799999999996	3,4,5,6,7,8,10,11,16,17,18,19,20,22,23,24,25,26,27,28,29,30,31,32,33,34,35,38,39,40,41,42,45,46,49,50,53,54,56,58,61,62,63,65,74,75,79,80,81,82,83,84,86,88,89,92,93,98,99,100,101,102,103,104,105,106,107,109,110,111,112,113,114,115,119,122,123,124,125,127,128,133,135,136,137,138,139,145,146,147,148,149,150,151,152,153,154,155,156,157,158,159,160,161,162,163,164,165,166,167,168,169,170,172,173,174,175,176,178,179,180,181,182,184,185,186,187,188,189,190,191,192,193,194,195,196,197,198,199,200,201,202,203,204,205,206,207,208,209,210,211,212,213,214,215,216,217,218,219,220,221,222,223,225,235,237,238,239,241,243,244,245,246,247,248,249,250,251,252,253,254,260,262,266,267,268,271,272,273,274,275,276,279,289,290,293,294,296,297,301,303,304,305,308,309,314,320,325,327,329,331,333	t	100	0.5741	t	f	1.90659000000000001
ORG.AX	0.711188000000000042	2016-02-19	4.11000000000000032	2016-02-19	a1,a2,a3,a4,a5,aord_a1,aord_a2,aord_a3,n225_a1,n225_a5,n225_a6,ndx_a1,ndx_a3,ndx_a4,ndx_a5,ndx_a6,dji_a5,dji_a6,gdaxi_a1,gdaxi_a2,gdaxi_a3,gdaxi_a4,gdaxi_a5,gdaxi_a6,ssec_a1,ssec_a2,ssec_a4,ssec_a5,ssec_a6,hsi_a1,hsi_a5,hsi_a6,bsesn_a6,jkse_a2,jkse_a3,jkse_a4,nz50_a3,nz50_a6,sti_a1,sti_a2,sti_a3,sti_a4,sti_a5,sti_a6,ks11_a3,ks11_a5,ks11_a6,twii_a3,twii_a5,twii_a6,gsptse_a1,gsptse_a3,gsptse_a4,gsptse_a5,mxx_a3,mxx_a4,mxx_a5,mxx_a6,gspc_a2,gspc_a3,gspc_a5,gspc_a6,atx_a1,atx_a5,atx_a6,bfx_a5,bfx_a6,fchi_a5,fchi_a6,ssmi_a1,ssmi_a2,ssmi_a3,ssmi_a4,gd_a2,gd_a3,gd_a4,gd_a5,gd_a6,eurchf_a3,audusd_a1,audusd_a3,gbpjpy_a1,chfjpy_a1,gbpchf_a1,nzdusd_a1,nzdusd_a3,cmd_choc_a1,cmd_choc_a3,cmd_choc_a4,cmd_choc_a5,cmd_choc_a6,cmd_corn_a1,cmd_corn_a5,cmd_corn_a6,cmd_ctnn_a1,cmd_cupm_a6,cmd_foil_a1,cmd_foil_a6,cmd_gaz_a2,cmd_gaz_a3,cmd_gaz_a6,cmd_gld_a1,cmd_gld_a2,cmd_gld_a5,cmd_gld_a6,cmd_hevy_a1,cmd_hevy_a5,cmd_ledd_a1,cmd_ledd_a3,cmd_lstk_a1,cmd_lstk_a3,cmd_lstk_a5,cmd_lstk_a6,cmd_nini_a1,cmd_oil_a2,cmd_oil_a4,cmd_oil_a5,cmd_oil_a6,cmd_pall_a1,cmd_pall_a2,cmd_pall_a3,cmd_pall_a4,cmd_pplt_a1,cmd_pplt_a3,cmd_pplt_a4,cmd_pplt_a5,cmd_pplt_a6,cmd_sgar_a1,cmd_sgar_a2,cmd_sgar_a3,cmd_sgar_a4,cmd_sgar_a5,cmd_sgar_a6,cmd_slv_a1,cmd_slv_a3,cmd_slv_a4,cmd_slv_a6,cmd_soyb_a2,cmd_soyb_a3,cmd_soyb_a4,cmd_soyb_a5,cmd_soyb_a6,cmd_uhn_a4,cmd_uhn_a6,week,prediction	0.71118899999999996	6,10,11,12,14,15,16,20,25,26,27,28,31,32,33,34,35,36,45,50,51,52,55,56,57,58,59,61,65,66,67,68,70,71,79,80,82,85,86,88,91,92,93,94,95,96,98,102,103,104,109,112,116,117,118,121,122,123,124,127,128,129,130,137,138,139,145,146,147,148,149,150,151,152,153,154,155,156,157,158,159,160,161,162,163,164,165,166,167,168,169,170,171,172,173,174,175,176,177,178,179,180,181,182,183,184,185,186,187,188,190,191,192,194,196,197,198,200,201,202,203,204,206,207,208,209,210,212,213,214,215,216,218,220,221,222,224,230,231,232,236,237,238,239,240,241,242,243,244,245,248,249,250,251,253,256,257,261,262,266,267,268,270,272,274,275,276,278,280,284,285,286,287,288,289,291,299,300,302,314,317,319,325,326,327,329,331,333	t	100	0.5211	t	f	8.52056999999999931
WFD.AX	0.726190000000000002	2016-02-19	9.63000000000000078	2016-02-19	a1,a2,a3,a4,a5,a6,aord_a3,aord_a4,aord_a5,n225_a2,n225_a4,n225_a5,n225_a6,ndx_a6,dji_a5,dji_a6,ftse_a1,ftse_a6,gdaxi_a3,gdaxi_a4,gdaxi_a5,gdaxi_a6,ssec_a1,ssec_a4,ssec_a5,ssec_a6,bsesn_a2,bsesn_a3,bsesn_a4,bsesn_a5,bsesn_a6,nz50_a1,nz50_a4,sti_a1,sti_a4,sti_a5,sti_a6,ks11_a1,ks11_a6,twii_a1,twii_a2,twii_a3,twii_a5,twii_a6,bvsp_a3,bvsp_a4,bvsp_a5,bvsp_a6,gsptse_a1,gsptse_a2,gsptse_a3,gsptse_a5,gsptse_a6,mxx_a2,mxx_a5,gspc_a1,gspc_a2,gspc_a3,gspc_a4,atx_a1,atx_a2,atx_a5,atx_a6,bfx_a1,fchi_a1,fchi_a4,fchi_a5,fchi_a6,ssmi_a1,ssmi_a2,ssmi_a6,gd_a1,gd_a2,gd_a3,gd_a4,gd_a5,gd_a6,chfjpy_a3,chfjpy_a6,gbpchf_a2,gbpchf_a3,gbpchf_a4,gbpchf_a6,nzdusd_a1,nzdusd_a3,cmd_choc_a3,cmd_choc_a4,cmd_choc_a5,cmd_choc_a6,cmd_corn_a1,cmd_corn_a2,cmd_corn_a5,cmd_corn_a6,cmd_ctnn_a1,cmd_ctnn_a4,cmd_ctnn_a5,cmd_ctnn_a6,cmd_cupm_a2,cmd_cupm_a3,cmd_foil_a5,cmd_foil_a6,cmd_gaz_a2,cmd_gaz_a5,cmd_gaz_a6,cmd_gld_a1,cmd_gld_a3,cmd_gld_a4,cmd_gld_a5,cmd_gld_a6,cmd_hevy_a2,cmd_hevy_a3,cmd_hevy_a6,cmd_ledd_a1,cmd_ledd_a2,cmd_ledd_a5,cmd_ledd_a6,cmd_lstk_a2,cmd_lstk_a6,cmd_nini_a2,cmd_nini_a6,cmd_oil_a5,cmd_oil_a6,cmd_pall_a1,cmd_pplt_a1,cmd_pplt_a5,cmd_pplt_a6,cmd_sgar_a4,cmd_slv_a2,cmd_slv_a3,cmd_slv_a4,cmd_slv_a5,cmd_slv_a6,cmd_soyb_a4,cmd_soyb_a6,cmd_uhn_a3,cmd_uhn_a4,cmd_uhn_a5,cmd_uhn_a6,week,prediction	0.726190000000000002	7,8,12,13,15,19,20,21,22,23,25,26,27,28,32,33,34,35,37,38,44,45,49,50,51,52,53,54,55,61,62,63,64,65,66,68,69,71,72,74,75,80,81,82,83,88,91,92,100,103,105,106,108,113,114,117,118,122,123,124,125,126,128,129,135,136,137,145,146,147,148,149,150,151,152,153,154,155,156,157,158,159,160,161,162,163,164,165,166,167,168,169,170,171,172,173,174,175,176,177,178,179,180,181,182,183,184,185,186,187,188,189,190,191,192,193,194,195,196,197,198,199,200,201,202,203,204,205,206,208,209,211,215,218,220,221,222,223,224,231,232,236,237,241,244,245,246,247,248,249,250,253,255,256,260,265,268,269,273,274,277,279,280,281,283,285,286,287,289,290,291,292,296,297,298,299,300,302,303,304,307,308,309,311,312,313,319,320,321,323,325,326,331,333	t	100	0.54	t	f	1.85841999999999996
^AXJO	0.786568000000000045	2016-02-19	4952.79980499999965	2016-02-19	a1,a2,a3,a4,a5,a6,aord_a3,aord_a4,aord_a5,aord_a6,n225_a1,n225_a4,ndx_a1,ndx_a6,dji_a6,ftse_a5,ftse_a6,gdaxi_a4,gdaxi_a5,gdaxi_a6,ssec_a1,ssec_a3,ssec_a4,ssec_a5,ssec_a6,hsi_a3,hsi_a4,bsesn_a1,bsesn_a2,bsesn_a3,bsesn_a4,bsesn_a5,bsesn_a6,jkse_a4,nz50_a1,nz50_a2,nz50_a3,nz50_a4,sti_a1,sti_a3,sti_a4,sti_a5,sti_a6,ks11_a4,ks11_a5,ks11_a6,twii_a1,twii_a3,twii_a4,twii_a5,twii_a6,gsptse_a1,gsptse_a6,mxx_a1,mxx_a6,gspc_a1,gspc_a2,atx_a1,atx_a3,bfx_a5,fchi_a5,fchi_a6,ssmi_a1,ssmi_a2,ssmi_a3,ssmi_a5,ssmi_a6,gd_a1,gd_a4,gd_a5,gd_a6,audusd_a6,gbpjpy_a6,chfjpy_a1,chfjpy_a6,gbpchf_a1,gbpchf_a6,nzdusd_a1,nzdusd_a3,nzdusd_a6,cmd_choc_a2,cmd_choc_a3,cmd_choc_a4,cmd_choc_a5,cmd_corn_a1,cmd_corn_a2,cmd_corn_a6,cmd_ctnn_a2,cmd_ctnn_a4,cmd_ctnn_a5,cmd_ctnn_a6,cmd_cupm_a2,cmd_cupm_a4,cmd_foil_a5,cmd_gaz_a1,cmd_gaz_a3,cmd_gaz_a6,cmd_gld_a1,cmd_gld_a2,cmd_gld_a5,cmd_gld_a6,cmd_hevy_a1,cmd_hevy_a2,cmd_hevy_a3,cmd_hevy_a4,cmd_hevy_a5,cmd_hevy_a6,cmd_ledd_a4,cmd_ledd_a5,cmd_ledd_a6,cmd_lstk_a1,cmd_lstk_a5,cmd_lstk_a6,cmd_nini_a1,cmd_nini_a6,cmd_oil_a6,cmd_pall_a1,cmd_pall_a6,cmd_pplt_a1,cmd_pplt_a4,cmd_pplt_a5,cmd_pplt_a6,cmd_sgar_a1,cmd_sgar_a2,cmd_sgar_a5,cmd_slv_a1,cmd_slv_a2,cmd_slv_a3,cmd_soyb_a1,cmd_soyb_a2,cmd_soyb_a4,cmd_soyb_a6,cmd_uhn_a1,cmd_uhn_a3,cmd_uhn_a5,cmd_uhn_a6,week,prediction	0.783903000000000016	7,8,14,15,17,18,20,21,22,23,25,26,27,28,29,31,32,33,34,37,38,39,44,49,50,53,54,61,62,63,65,66,71,72,74,79,80,81,86,91,92,93,94,95,96,98,99,100,101,104,105,106,107,111,112,113,114,116,118,119,120,121,122,123,124,126,127,128,129,130,136,140,141,145,146,147,148,149,150,151,152,153,154,155,156,157,158,159,160,161,162,163,164,165,166,167,168,169,170,171,172,173,174,175,176,177,178,179,180,181,182,183,184,185,186,187,188,189,190,191,192,193,194,195,196,197,199,200,201,202,203,206,207,208,209,212,213,214,215,218,220,221,223,228,231,232,233,235,237,241,243,245,246,247,248,249,250,252,254,256,257,261,262,271,272,273,278,279,280,284,285,286,287,289,290,291,292,293,296,297,298,299,302,303,309,310,312,316,317,318,321,323,326,328,331,333	t	100	0.5133	t	f	0.779267999999999961
CSL.AX	0.762875999999999999	2016-02-19	101.799999999999997	2016-02-19	a1,a4,a5,a6,aord_a1,aord_a2,aord_a3,aord_a4,aord_a5,aord_a6,n225_a1,n225_a3,n225_a4,n225_a5,ndx_a1,ndx_a4,ndx_a5,ndx_a6,dji_a1,dji_a5,ftse_a3,ftse_a6,gdaxi_a2,gdaxi_a4,ssec_a1,ssec_a2,ssec_a3,ssec_a4,ssec_a5,ssec_a6,hsi_a6,bsesn_a2,bsesn_a3,bsesn_a5,bsesn_a6,jkse_a1,jkse_a3,jkse_a4,jkse_a6,nz50_a1,nz50_a2,nz50_a3,nz50_a6,sti_a1,sti_a4,sti_a5,sti_a6,ks11_a2,ks11_a3,ks11_a4,ks11_a5,ks11_a6,twii_a1,twii_a2,twii_a3,twii_a4,twii_a5,twii_a6,bvsp_a1,bvsp_a2,bvsp_a3,bvsp_a4,bvsp_a5,bvsp_a6,gsptse_a1,gsptse_a5,mxx_a1,mxx_a6,gspc_a1,gspc_a2,atx_a3,atx_a5,atx_a6,bfx_a2,bfx_a3,bfx_a6,fchi_a5,fchi_a6,ssmi_a5,ssmi_a6,gd_a1,gd_a2,gd_a3,gd_a4,gd_a5,gd_a6,eurchf_a6,audusd_a6,gbpjpy_a6,chfjpy_a6,gbpchf_a3,gbpchf_a6,nzdusd_a1,nzdusd_a3,nzdusd_a5,nzdusd_a6,cmd_choc_a1,cmd_choc_a5,cmd_choc_a6,cmd_corn_a2,cmd_corn_a3,cmd_corn_a5,cmd_corn_a6,cmd_cupm_a2,cmd_foil_a1,cmd_foil_a4,cmd_foil_a5,cmd_foil_a6,cmd_gaz_a5,cmd_gaz_a6,cmd_gld_a6,cmd_hevy_a2,cmd_hevy_a6,cmd_ledd_a1,cmd_ledd_a2,cmd_ledd_a3,cmd_ledd_a4,cmd_ledd_a5,cmd_ledd_a6,cmd_lstk_a1,cmd_lstk_a2,cmd_lstk_a3,cmd_lstk_a4,cmd_lstk_a5,cmd_lstk_a6,cmd_nini_a1,cmd_nini_a2,cmd_oil_a1,cmd_pall_a2,cmd_pall_a5,cmd_pall_a6,cmd_pplt_a1,cmd_pplt_a3,cmd_pplt_a6,cmd_sgar_a3,cmd_sgar_a4,cmd_sgar_a6,cmd_slv_a1,cmd_slv_a4,cmd_slv_a5,cmd_slv_a6,cmd_soyb_a1,cmd_soyb_a2,cmd_soyb_a3,cmd_soyb_a4,cmd_soyb_a6,cmd_uhn_a2,cmd_uhn_a3,cmd_uhn_a4,cmd_uhn_a5,cmd_uhn_a6,week,prediction	0.757831000000000032	2,3,14,18,20,21,26,27,28,30,31,32,34,35,37,39,41,42,49,50,51,52,53,55,58,62,65,70,71,74,75,79,98,99,100,102,104,105,106,107,111,112,113,114,115,116,118,121,124,125,127,128,129,130,133,134,135,136,145,146,147,148,149,150,151,152,153,154,155,156,157,158,159,160,161,162,163,164,165,166,167,168,169,170,171,172,173,174,175,176,177,178,179,180,181,182,183,184,185,186,187,188,189,190,191,193,194,195,196,197,199,200,201,202,203,205,206,207,208,209,211,212,214,215,218,220,224,225,226,229,232,235,236,237,238,239,240,241,243,244,245,246,248,249,253,254,255,256,259,260,261,262,263,265,267,268,269,285,286,287,288,290,291,292,293,294,295,297,298,302,304,305,307,308,311,314,315,323,325,331,333	t	100	0.5151	t	f	1.64681000000000011
\.


--
-- TOC entry 2049 (class 0 OID 41750)
-- Dependencies: 177
-- Data for Name: downloadinstruments; Type: TABLE DATA; Schema: public; Owner: postgres
--

COPY downloadinstruments (instrument, type) FROM stdin;
CBA.AX	YAHOO
WBC.AX	YAHOO
ANZ.AX	YAHOO
NAB.AX	YAHOO
BHP.AX	YAHOO
TLS.AX	YAHOO
WES.AX	YAHOO
CSL.AX	YAHOO
WOW.AX	YAHOO
MQG.AX	YAHOO
WPL.AX	YAHOO
RIO.AX	YAHOO
SCG.AX	YAHOO
WFD.AX	YAHOO
TCL.AX	YAHOO
QBE.AX	YAHOO
AMP.AX	YAHOO
SUN.AX	YAHOO
BXB.AX	YAHOO
AMC.AX	YAHOO
SYD.AX	YAHOO
RHC.AX	YAHOO
IAG.AX	YAHOO
OSH.AX	YAHOO
^N225	YAHOO
^NDX	YAHOO
^DJI	YAHOO
^AORD	YAHOO
^SSEC	YAHOO
^HSI	YAHOO
^BSESN	YAHOO
^JKSE	YAHOO
^KLSE	YAHOO
^NZ50	YAHOO
^STI	YAHOO
^KS11	YAHOO
^TWII	YAHOO
^BVSP	YAHOO
^GSPTSE	YAHOO
^MXX	YAHOO
^GSPC	YAHOO
^ATX	YAHOO
^BFX	YAHOO
^FCHI	YAHOO
^GDAXI	YAHOO
^OSEAX	YAHOO
^OMXSPI	YAHOO
^SSMI	YAHOO
^FTSE	YAHOO
GD.AT	YAHOO
EURUSD	FM
USDJPY	FM
GBPUSD	FM
USDCHF	FM
EURGBP	FM
EURJPY	FM
EURCHF	FM
AUDUSD	FM
USDCAD	FM
NZDUSD	FM
GBPJPY	FM
CHFJPY	FM
GBPCHF	FM
AGL.AX	YAHOO
AIO.AX	YAHOO
APA.AX	YAHOO
ASX.AX	YAHOO
AZJ.AX	YAHOO
CCL.AX	YAHOO
CPU.AX	YAHOO
CTX.AX	YAHOO
CWN.AX	YAHOO
DXS.AX	YAHOO
GMG.AX	YAHOO
GPT.AX	YAHOO
IPL.AX	YAHOO
JHX.AX	YAHOO
LLC.AX	YAHOO
MPL.AX	YAHOO
MGR.AX	YAHOO
NCM.AX	YAHOO
ORG.AX	YAHOO
ORI.AX	YAHOO
SEK.AX	YAHOO
SGP.AX	YAHOO
SHL.AX	YAHOO
S32.AX	YAHOO
STO.AX	YAHOO
^AXJO	YAHOO
GAZ	YAHOO
OIL	YAHOO
UHN	YAHOO
GLD	YAHOO
SLV	YAHOO
CORN	YAHOO
SGAR	YAHOO
CAFE	YAHOO
CHOC	YAHOO
CTNN	YAHOO
SOYB	YAHOO
LSTK	YAHOO
WEET	YAHOO
LEDD	YAHOO
NINI	YAHOO
HEVY	YAHOO
CUPM	YAHOO
FOIL	YAHOO
PPLT	YAHOO
PALL	YAHOO
\.


--
-- TOC entry 2051 (class 0 OID 12566069)
-- Dependencies: 182
-- Data for Name: predictions; Type: TABLE DATA; Schema: public; Owner: postgres
--

COPY predictions (rundate, stockname, date, origprice, prediction) FROM stdin;
2016-02-07	AMP.AX	{2016-02-05,2016-02-04,2016-02-03,2016-02-02,2016-02-01}	{5.21999999999999975,5.26999999999999957,5.28000000000000025,5.37000000000000011,5.44000000000000039}	{0.269490000000000007,7.23195000000000032,5.79365000000000041,-8.61476000000000042,-5.79751999999999956}
2016-02-07	ANZ.AX	{2016-02-05,2016-02-04,2016-02-03,2016-02-02,2016-02-01}	{24.0899999999999999,24.3000000000000007,23.6700000000000017,24.3999999999999986,24.5899999999999999}	{1.41880000000000006,8.6281800000000004,13.9456000000000007,-5.30044999999999966,-7.71074999999999999}
2016-02-07	^AXJO	{2016-02-05,2016-02-04,2016-02-03,2016-02-02,2016-02-01}	{4976.20019500000035,4980.39990200000011,4876.79980499999965,4993.29980499999965,5043.60009799999989}	{1.67287999999999992,3.95072000000000001,10.5566999999999993,-1.6214599999999999,-12.2609999999999992}
2016-02-07	BHP.AX	{2016-02-05,2016-02-04,2016-02-03,2016-02-02,2016-02-01}	{16.1999999999999993,15.4499999999999993,14.2699999999999996,14.9199999999999999,15.25}	{9.75630999999999915,8.78701000000000043,16.1641000000000012,5.48939999999999984,2.21357999999999988}
2016-02-07	BXB.AX	{2016-02-05,2016-02-04,2016-02-03,2016-02-02,2016-02-01}	{10.5700000000000003,10.6099999999999994,10.7300000000000004,10.9900000000000002,11.2899999999999991}	{0.698490000000000055,11.7339000000000002,10.0977999999999994,-2.87897999999999987,-5.96037999999999979}
2016-02-07	CBA.AX	{2016-02-05,2016-02-04,2016-02-03,2016-02-02,2016-02-01}	{76.5999999999999943,77.3599999999999994,75.730000000000004,78.019999999999996,78.2199999999999989}	{-4.70040000000000013,5.95347999999999988,11.2857000000000003,-6.22233999999999998,-7.14120000000000044}
2016-02-07	CSL.AX	{2016-02-05,2016-02-04,2016-02-03,2016-02-02,2016-02-01}	{105.359999999999999,105.739999999999995,105.349999999999994,107.489999999999995,107.989999999999995}	{-0.27498800000000001,2.95757000000000003,5.39569999999999972,-3.58379000000000003,-5.06304999999999961}
2016-02-07	IAG.AX	{2016-02-05,2016-02-04,2016-02-03,2016-02-02,2016-02-01}	{5.32000000000000028,5.25999999999999979,5.16000000000000014,5.25,5.25999999999999979}	{-7.72166999999999959,4.70258999999999983,11.0539000000000005,-4.01100000000000012,-0.898004000000000024}
2016-02-07	MQG.AX	{2016-02-05,2016-02-04,2016-02-03,2016-02-02,2016-02-01}	{63.740000000000002,64.8599999999999994,68.2600000000000051,70.5499999999999972,72.0400000000000063}	{8.09298000000000073,13.6065000000000005,12.0274000000000001,-2.41746999999999979,3.12343999999999999}
2016-02-07	NAB.AX	{2016-02-05,2016-02-04,2016-02-03,2016-02-02,2016-02-01}	{26.4600000000000009,26.870000000000001,26.3599999999999994,27.9100000000000001,27.8299999999999983}	{1.83884000000000003,11.6582000000000008,15.0458999999999996,-5.21511000000000013,-3.68603000000000014}
2016-02-07	ORG.AX	{2016-02-05,2016-02-04,2016-02-03,2016-02-02,2016-02-01}	{4.00999999999999979,3.99000000000000021,3.79999999999999982,4.00999999999999979,4.20999999999999996}	{-4.94409999999999972,-3.25893999999999995,0.0111386000000000002,-2.96456000000000008,-1.62325000000000008}
2016-02-07	QBE.AX	{2016-02-05,2016-02-04,2016-02-03,2016-02-02,2016-02-01}	{10.4700000000000006,10.6899999999999995,10.5,10.8200000000000003,10.8399999999999999}	{2.95222000000000007,3.86005999999999982,10.6258999999999997,-9.33633000000000024,1.26676000000000011}
2016-02-07	RIO.AX	{2016-02-05,2016-02-04,2016-02-03,2016-02-02,2016-02-01}	{41.6199999999999974,40.3299999999999983,37.0300000000000011,37.5399999999999991,38.9699999999999989}	{10.1142000000000003,1.73700999999999994,8.62119999999999997,2.72800999999999982,6.38095999999999997}
2016-02-07	SCG.AX	{2016-02-05,2016-02-04,2016-02-03,2016-02-02,2016-02-01}	{4.41000000000000014,4.40000000000000036,4.32000000000000028,4.34999999999999964,4.34999999999999964}	{0.795731999999999995,-0.918574000000000002,5.71720999999999968,0.168307000000000012,-7.68510999999999989}
2016-02-07	SUN.AX	{2016-02-05,2016-02-04,2016-02-03,2016-02-02,2016-02-01}	{11.3900000000000006,11.5,11.3000000000000007,11.6500000000000004,11.8100000000000005}	{-2.96371999999999991,7.69751999999999992,12.1739999999999995,-4.86101000000000028,-7.72105999999999959}
2016-02-07	TLS.AX	{2016-02-05,2016-02-04,2016-02-03,2016-02-02,2016-02-01}	{5.65000000000000036,5.62999999999999989,5.54999999999999982,5.61000000000000032,5.66999999999999993}	{-0.537627999999999995,2.99737000000000009,3.62559999999999993,-3.96083000000000007,-6.58169999999999966}
2016-02-07	WBC.AX	{2016-02-05,2016-02-04,2016-02-03,2016-02-02,2016-02-01}	{30.3500000000000014,30.4800000000000004,29.4299999999999997,30.3000000000000007,30.6499999999999986}	{-5.54783999999999988,6.25253999999999976,12.0949000000000009,-5.74380999999999986,-6.74945000000000039}
2016-02-07	WES.AX	{2016-02-05,2016-02-04,2016-02-03,2016-02-02,2016-02-01}	{42.9299999999999997,42.9099999999999966,42.7299999999999969,42.8200000000000003,42.6300000000000026}	{3.5819700000000001,2.40393999999999997,5.18963000000000019,-6.03078999999999965,-0.661907000000000023}
2016-02-07	WFD.AX	{2016-02-05,2016-02-04,2016-02-03,2016-02-02,2016-02-01}	{10.0800000000000001,10.0899999999999999,9.99000000000000021,9.99000000000000021,10.0199999999999996}	{0.207969999999999988,-5.7105100000000002,-0.197439000000000003,1.15206000000000008,-11.7925000000000004}
2016-02-07	WOW.AX	{2016-02-05,2016-02-04,2016-02-03,2016-02-02,2016-02-01}	{23.7600000000000016,23.9299999999999997,23.5899999999999999,24.1499999999999986,24.4299999999999997}	{5.8522299999999996,-1.6418600000000001,2.46477000000000013,-9.62848999999999933,-4.88328000000000007}
2016-02-07	WPL.AX	{2016-02-05,2016-02-04,2016-02-03,2016-02-02,2016-02-01}	{27.25,27.1400000000000006,25.6499999999999986,27,27.9100000000000001}	{-1.46206999999999998,5.60705999999999971,11.4436999999999998,-5.84203000000000028,-5.21720000000000006}
2016-02-14	AMP.AX	{2016-02-12,2016-02-11,2016-02-10,2016-02-09,2016-02-08}	{5.16999999999999993,5.19000000000000039,5.01999999999999957,5.05999999999999961,5.29999999999999982}	{1.60810999999999993,0.197843999999999992,2.47251999999999983,-0.457376999999999978,-2.33557000000000015}
2016-02-14	ANZ.AX	{2016-02-12,2016-02-11,2016-02-10,2016-02-09,2016-02-08}	{22.1799999999999997,22.7100000000000009,22.4200000000000017,22.7899999999999991,23.7300000000000004}	{-1.05735000000000001,-1.62758000000000003,0.998699000000000003,-0.719674000000000036,-3.42157}
2016-02-14	^AXJO	{2016-02-12,2016-02-11,2016-02-10,2016-02-09,2016-02-08}	{4765.29980499999965,4821.10009799999989,4775.70019500000035,4832.10009799999989,4975.39990200000011}	{2.19900999999999991,0.965529999999999999,2.56836999999999982,0.160677999999999988,-1.82888000000000006}
2016-02-14	BHP.AX	{2016-02-12,2016-02-11,2016-02-10,2016-02-09,2016-02-08}	{15.0899999999999999,15.2400000000000002,15.6500000000000004,16.0500000000000007,16.370000000000001}	{3.95117999999999991,1.23377000000000003,0.967903999999999987,-1.24757999999999991,-2.67903000000000002}
2016-02-14	BXB.AX	{2016-02-12,2016-02-11,2016-02-10,2016-02-09,2016-02-08}	{10.1999999999999993,10.2699999999999996,10.1500000000000004,10.2400000000000002,10.4499999999999993}	{7.01254000000000044,5.5743999999999998,5.18095000000000017,3.59346999999999994,2.07880999999999982}
2016-02-14	CBA.AX	{2016-02-12,2016-02-11,2016-02-10,2016-02-09,2016-02-08}	{70.5014000000000038,71.4339899999999943,71.3378399999999999,70.0591500000000025,73.4337500000000034}	{-0.527379000000000042,-0.935841999999999952,-0.256276999999999977,-1.79133999999999993,-4.10266999999999982}
2016-02-14	CSL.AX	{2016-02-12,2016-02-11,2016-02-10,2016-02-09,2016-02-08}	{103.299999999999997,103.549999999999997,101.519999999999996,102.579999999999998,105.269999999999996}	{1.94236999999999993,1.40488999999999997,1.90182999999999991,-0.667919999999999958,-3.41543000000000019}
2016-02-14	IAG.AX	{2016-02-12,2016-02-11,2016-02-10,2016-02-09,2016-02-08}	{5.15000000000000036,5.20999999999999996,5.07000000000000028,5.23000000000000043,5.37000000000000011}	{-1.13227999999999995,-1.09105000000000008,-0.443763000000000019,-4.39496999999999982,-5.70192999999999994}
2016-02-14	MQG.AX	{2016-02-12,2016-02-11,2016-02-10,2016-02-09,2016-02-08}	{58.3400000000000034,60.5399999999999991,59.9299999999999997,60.6599999999999966,63.1799999999999997}	{6.87490000000000023,5.14337,7.76248000000000005,4.25548000000000037,2.8219599999999998}
2016-02-14	NAB.AX	{2016-02-12,2016-02-11,2016-02-10,2016-02-09,2016-02-08}	{24.1400000000000006,24.6000000000000014,24.4200000000000017,24.8999999999999986,26.1499999999999986}	{3.24754999999999994,3.50900999999999996,5.31637000000000004,3.56325000000000003,0.470343999999999984}
2016-02-14	ORG.AX	{2016-02-12,2016-02-11,2016-02-10,2016-02-09,2016-02-08}	{3.64000000000000012,3.68000000000000016,3.77000000000000002,3.81999999999999984,3.9700000000000002}	{-2.75956000000000001,-5.24474000000000018,-4.15470000000000006,-10.8425999999999991,-13.0983000000000001}
2016-02-14	QBE.AX	{2016-02-12,2016-02-11,2016-02-10,2016-02-09,2016-02-08}	{9.63000000000000078,9.75999999999999979,9.66999999999999993,9.9399999999999995,10.3100000000000005}	{3.70488999999999979,3.24535000000000018,4.15031999999999979,1.67796999999999996,-1.47685}
2016-02-14	RIO.AX	{2016-02-12,2016-02-11,2016-02-10,2016-02-09,2016-02-08}	{40.4699999999999989,40.990000000000002,41.509999999999998,42,42.5300000000000011}	{3.71500999999999992,1.77812999999999999,-0.000519365999999999947,-0.654700999999999977,-2.21419999999999995}
2016-02-14	SCG.AX	{2016-02-12,2016-02-11,2016-02-10,2016-02-09,2016-02-08}	{4.34999999999999964,4.33999999999999986,4.24500000000000011,4.26499999999999968,4.31400000000000006}	{4.55027000000000026,3.50727000000000011,4.45101000000000013,3.00317999999999996,2.21510000000000007}
2016-02-14	SUN.AX	{2016-02-12,2016-02-11,2016-02-10,2016-02-09,2016-02-08}	{11.0600000000000005,10.6999999999999993,10.6999999999999993,10.9000000000000004,11.3499999999999996}	{2.17905000000000015,2.78966000000000003,4.1478900000000003,-0.724874000000000018,-2.80123999999999995}
2016-02-14	TLS.AX	{2016-02-12,2016-02-11,2016-02-10,2016-02-09,2016-02-08}	{5.57000000000000028,5.53000000000000025,5.42999999999999972,5.61000000000000032,5.66999999999999993}	{2.62675999999999998,3.43210000000000015,5.0307599999999999,0.897677999999999976,0.0358928000000000025}
2016-02-14	WBC.AX	{2016-02-12,2016-02-11,2016-02-10,2016-02-09,2016-02-08}	{28.0599999999999987,28.7899999999999991,28.5300000000000011,28.6999999999999993,30.2600000000000016}	{3.28169999999999984,1.34467000000000003,3.03446000000000016,0.785981000000000041,-2.00364999999999993}
2016-02-14	WES.AX	{2016-02-12,2016-02-11,2016-02-10,2016-02-09,2016-02-08}	{42.4299999999999997,42.75,42.1199999999999974,42.8500000000000014,43.25}	{6.08340000000000014,5.06953999999999994,5.02963000000000005,2.05293999999999999,0.644728999999999997}
2016-02-14	WFD.AX	{2016-02-12,2016-02-11,2016-02-10,2016-02-09,2016-02-08}	{9.5600000000000005,9.69999999999999929,9.42544999999999966,9.44509000000000043,9.77890999999999977}	{10.9132999999999996,6.77981999999999996,7.24803999999999959,6.29232000000000014,4.47665999999999986}
2016-02-14	WOW.AX	{2016-02-12,2016-02-11,2016-02-10,2016-02-09,2016-02-08}	{22.1700000000000017,22.5899999999999999,22.3500000000000014,23.1000000000000014,23.7600000000000016}	{4.82387999999999995,5.41115999999999975,6.54471000000000025,4.11273999999999962,1.41783999999999999}
2016-02-14	WPL.AX	{2016-02-12,2016-02-11,2016-02-10,2016-02-09,2016-02-08}	{26.6099999999999994,26.6799999999999997,26.4800000000000004,26.7300000000000004,27.4100000000000001}	{-0.797761000000000053,-1.27899999999999991,-0.780873999999999957,-3.76385000000000014,-5.24706000000000028}
2016-02-15	AMP.AX	{2016-02-12,2016-02-11,2016-02-10,2016-02-09,2016-02-08}	{5.16999999999999993,5.19000000000000039,5.01999999999999957,5.05999999999999961,5.29999999999999982}	{1.60810999999999993,0.197843999999999992,2.47251999999999983,-0.457376999999999978,-2.33557000000000015}
2016-02-15	ANZ.AX	{2016-02-12,2016-02-11,2016-02-10,2016-02-09,2016-02-08}	{22.1799999999999997,22.7100000000000009,22.4200000000000017,22.7899999999999991,23.7300000000000004}	{-1.05735000000000001,-1.62758000000000003,0.998699000000000003,-0.719674000000000036,-3.42157}
2016-02-15	^AXJO	{2016-02-12,2016-02-11,2016-02-10,2016-02-09,2016-02-08}	{4765.29980499999965,4821.10009799999989,4775.70019500000035,4832.10009799999989,4975.39990200000011}	{2.19900999999999991,0.965529999999999999,2.56836999999999982,0.160677999999999988,-1.82888000000000006}
2016-02-15	BHP.AX	{2016-02-12,2016-02-11,2016-02-10,2016-02-09,2016-02-08}	{15.0899999999999999,15.2400000000000002,15.6500000000000004,16.0500000000000007,16.370000000000001}	{3.95117999999999991,1.23377000000000003,0.967903999999999987,-1.24757999999999991,-2.67903000000000002}
2016-02-15	BXB.AX	{2016-02-12,2016-02-11,2016-02-10,2016-02-09,2016-02-08}	{10.1999999999999993,10.2699999999999996,10.1500000000000004,10.2400000000000002,10.4499999999999993}	{7.01254000000000044,5.5743999999999998,5.18095000000000017,3.59346999999999994,2.07880999999999982}
2016-02-15	CBA.AX	{2016-02-12,2016-02-11,2016-02-10,2016-02-09,2016-02-08}	{70.5014000000000038,71.4339899999999943,71.3378399999999999,70.0591500000000025,73.4337500000000034}	{-0.527379000000000042,-0.935841999999999952,-0.256276999999999977,-1.79133999999999993,-4.10266999999999982}
2016-02-15	CSL.AX	{2016-02-12,2016-02-11,2016-02-10,2016-02-09,2016-02-08}	{103.299999999999997,103.549999999999997,101.519999999999996,102.579999999999998,105.269999999999996}	{1.94236999999999993,1.40488999999999997,1.90182999999999991,-0.667919999999999958,-3.41543000000000019}
2016-02-15	IAG.AX	{2016-02-12,2016-02-11,2016-02-10,2016-02-09,2016-02-08}	{5.15000000000000036,5.20999999999999996,5.07000000000000028,5.23000000000000043,5.37000000000000011}	{-1.13227999999999995,-1.09105000000000008,-0.443763000000000019,-4.39496999999999982,-5.70192999999999994}
2016-02-15	MQG.AX	{2016-02-12,2016-02-11,2016-02-10,2016-02-09,2016-02-08}	{58.3400000000000034,60.5399999999999991,59.9299999999999997,60.6599999999999966,63.1799999999999997}	{6.87490000000000023,5.14337,7.76248000000000005,4.25548000000000037,2.8219599999999998}
2016-02-15	NAB.AX	{2016-02-12,2016-02-11,2016-02-10,2016-02-09,2016-02-08}	{24.1400000000000006,24.6000000000000014,24.4200000000000017,24.8999999999999986,26.1499999999999986}	{3.24754999999999994,3.50900999999999996,5.31637000000000004,3.56325000000000003,0.470343999999999984}
2016-02-15	ORG.AX	{2016-02-12,2016-02-11,2016-02-10,2016-02-09,2016-02-08}	{3.64000000000000012,3.68000000000000016,3.77000000000000002,3.81999999999999984,3.9700000000000002}	{-2.75956000000000001,-5.24474000000000018,-4.15470000000000006,-10.8425999999999991,-13.0983000000000001}
2016-02-15	QBE.AX	{2016-02-12,2016-02-11,2016-02-10,2016-02-09,2016-02-08}	{9.63000000000000078,9.75999999999999979,9.66999999999999993,9.9399999999999995,10.3100000000000005}	{3.70488999999999979,3.24535000000000018,4.15031999999999979,1.67796999999999996,-1.47685}
2016-02-15	RIO.AX	{2016-02-12,2016-02-11,2016-02-10,2016-02-09,2016-02-08}	{40.4699999999999989,40.990000000000002,41.509999999999998,42,42.5300000000000011}	{3.71500999999999992,1.77812999999999999,-0.000519365999999999947,-0.654700999999999977,-2.21419999999999995}
2016-02-15	SCG.AX	{2016-02-12,2016-02-11,2016-02-10,2016-02-09,2016-02-08}	{4.34999999999999964,4.33999999999999986,4.24500000000000011,4.26499999999999968,4.31400000000000006}	{4.55027000000000026,3.50727000000000011,4.45101000000000013,3.00317999999999996,2.21510000000000007}
2016-02-15	SUN.AX	{2016-02-12,2016-02-11,2016-02-10,2016-02-09,2016-02-08}	{11.0600000000000005,10.6999999999999993,10.6999999999999993,10.9000000000000004,11.3499999999999996}	{2.17905000000000015,2.78966000000000003,4.1478900000000003,-0.724874000000000018,-2.80123999999999995}
2016-02-15	TLS.AX	{2016-02-12,2016-02-11,2016-02-10,2016-02-09,2016-02-08}	{5.57000000000000028,5.53000000000000025,5.42999999999999972,5.61000000000000032,5.66999999999999993}	{2.62675999999999998,3.43210000000000015,5.0307599999999999,0.897677999999999976,0.0358928000000000025}
2016-02-15	WBC.AX	{2016-02-12,2016-02-11,2016-02-10,2016-02-09,2016-02-08}	{28.0599999999999987,28.7899999999999991,28.5300000000000011,28.6999999999999993,30.2600000000000016}	{3.28169999999999984,1.34467000000000003,3.03446000000000016,0.785981000000000041,-2.00364999999999993}
2016-02-15	WES.AX	{2016-02-12,2016-02-11,2016-02-10,2016-02-09,2016-02-08}	{42.4299999999999997,42.75,42.1199999999999974,42.8500000000000014,43.25}	{6.08340000000000014,5.06953999999999994,5.02963000000000005,2.05293999999999999,0.644728999999999997}
2016-02-08	AMP.AX	{2016-02-05,2016-02-04,2016-02-03,2016-02-02,2016-02-01}	{5.21999999999999975,5.26999999999999957,5.28000000000000025,5.37000000000000011,5.44000000000000039}	{-1.05560999999999994,3.10727999999999982,3.14482999999999979,-0.0194871000000000003,1.1722999999999999}
2016-02-08	ANZ.AX	{2016-02-05,2016-02-04,2016-02-03,2016-02-02,2016-02-01}	{24.0899999999999999,24.3000000000000007,23.6700000000000017,24.3999999999999986,24.5899999999999999}	{-2.67432999999999987,-2.01155999999999979,-0.673803999999999959,-3.64454000000000011,-3.21478999999999981}
2016-02-08	^AXJO	{2016-02-05,2016-02-04,2016-02-03,2016-02-02,2016-02-01}	{4976.20019500000035,4980.39990200000011,4876.79980499999965,4993.29980499999965,5043.60009799999989}	{-0.948678000000000021,0.392313999999999996,2.37016999999999989,-0.672051999999999983,-1.29777999999999993}
2016-02-08	BHP.AX	{2016-02-05,2016-02-04,2016-02-03,2016-02-02,2016-02-01}	{16.1999999999999993,15.4499999999999993,14.2699999999999996,14.9199999999999999,15.25}	{-0.573583999999999983,2.46593000000000018,8.21082999999999963,5.05548999999999982,4.8714000000000004}
2016-02-08	BXB.AX	{2016-02-05,2016-02-04,2016-02-03,2016-02-02,2016-02-01}	{10.5700000000000003,10.6099999999999994,10.7300000000000004,10.9900000000000002,11.2899999999999991}	{1.83685999999999994,4.0836800000000002,2.82782,-0.756762000000000046,-3.70006000000000013}
2016-02-08	CBA.AX	{2016-02-05,2016-02-04,2016-02-03,2016-02-02,2016-02-01}	{76.5999999999999943,77.3599999999999994,75.730000000000004,78.019999999999996,78.2199999999999989}	{-3.22094000000000014,-0.133306000000000008,1.16247999999999996,-0.671371000000000051,-1.33081999999999989}
2016-02-08	CSL.AX	{2016-02-05,2016-02-04,2016-02-03,2016-02-02,2016-02-01}	{105.359999999999999,105.739999999999995,105.349999999999994,107.489999999999995,107.989999999999995}	{-3.32548999999999984,-0.619538999999999951,-0.276988000000000012,-1.39050000000000007,-2.25141999999999998}
2016-02-08	IAG.AX	{2016-02-05,2016-02-04,2016-02-03,2016-02-02,2016-02-01}	{5.32000000000000028,5.25999999999999979,5.16000000000000014,5.25,5.25999999999999979}	{-4.11411000000000016,-0.698079000000000005,0.710261000000000031,-0.330842000000000025,-0.0320925999999999989}
2016-02-08	MQG.AX	{2016-02-05,2016-02-04,2016-02-03,2016-02-02,2016-02-01}	{63.740000000000002,64.8599999999999994,68.2600000000000051,70.5499999999999972,72.0400000000000063}	{5.11160999999999976,9.27454999999999963,6.71412999999999993,5.5681200000000004,5.57369000000000003}
2016-02-08	NAB.AX	{2016-02-05,2016-02-04,2016-02-03,2016-02-02,2016-02-01}	{26.4600000000000009,26.870000000000001,26.3599999999999994,27.9100000000000001,27.8299999999999983}	{1.80743999999999994,2.22189000000000014,3.19301000000000013,-0.787483999999999962,-0.0715837000000000001}
2016-02-08	ORG.AX	{2016-02-05,2016-02-04,2016-02-03,2016-02-02,2016-02-01}	{4.00999999999999979,3.99000000000000021,3.79999999999999982,4.00999999999999979,4.20999999999999996}	{-9.22972999999999999,-3.55026999999999981,-1.3176000000000001,-4.62540999999999958,-5.02299000000000007}
2016-02-08	QBE.AX	{2016-02-05,2016-02-04,2016-02-03,2016-02-02,2016-02-01}	{10.4700000000000006,10.6899999999999995,10.5,10.8200000000000003,10.8399999999999999}	{-0.68245100000000003,0.269417999999999991,0.854751000000000039,-1.39375000000000004,-1.53889999999999993}
2016-02-08	RIO.AX	{2016-02-05,2016-02-04,2016-02-03,2016-02-02,2016-02-01}	{41.6199999999999974,40.3299999999999983,37.0300000000000011,37.5399999999999991,38.9699999999999989}	{-0.927593000000000001,-0.367396999999999974,6.28641000000000005,5.89451000000000036,3.44966999999999979}
2016-02-08	SCG.AX	{2016-02-05,2016-02-04,2016-02-03,2016-02-02,2016-02-01}	{4.41000000000000014,4.40000000000000036,4.32000000000000028,4.34999999999999964,4.34999999999999964}	{1.33437000000000006,1.27170000000000005,2.85565999999999987,1.69744000000000006,0.750076999999999994}
2016-02-08	SUN.AX	{2016-02-05,2016-02-04,2016-02-03,2016-02-02,2016-02-01}	{11.3900000000000006,11.5,11.3000000000000007,11.6500000000000004,11.8100000000000005}	{-2.72311000000000014,0.0403980999999999993,0.96155400000000002,-2.11355000000000004,-1.47534999999999994}
2016-02-08	TLS.AX	{2016-02-05,2016-02-04,2016-02-03,2016-02-02,2016-02-01}	{5.65000000000000036,5.62999999999999989,5.54999999999999982,5.61000000000000032,5.66999999999999993}	{-0.433709999999999984,0.332735000000000003,0.570280000000000009,-1.32132000000000005,-2.81314999999999982}
2016-02-08	WBC.AX	{2016-02-05,2016-02-04,2016-02-03,2016-02-02,2016-02-01}	{30.3500000000000014,30.4800000000000004,29.4299999999999997,30.3000000000000007,30.6499999999999986}	{-1.68666999999999989,1.97804000000000002,3.42176999999999998,0.761221000000000037,0.950931999999999999}
2016-02-08	WES.AX	{2016-02-05,2016-02-04,2016-02-03,2016-02-02,2016-02-01}	{42.9299999999999997,42.9099999999999966,42.7299999999999969,42.8200000000000003,42.6300000000000026}	{-0.138779000000000013,0.865435999999999983,0.562942000000000053,-1.04949000000000003,-0.316464000000000023}
2016-02-08	WFD.AX	{2016-02-05,2016-02-04,2016-02-03,2016-02-02,2016-02-01}	{10.0800000000000001,10.0899999999999999,9.99000000000000021,9.99000000000000021,10.0199999999999996}	{3.71296999999999988,3.8833000000000002,4.33248000000000033,2.68577000000000021,1.25123000000000006}
2016-02-08	WOW.AX	{2016-02-05,2016-02-04,2016-02-03,2016-02-02,2016-02-01}	{23.7600000000000016,23.9299999999999997,23.5899999999999999,24.1499999999999986,24.4299999999999997}	{0.989837999999999996,-1.50805999999999996,-0.485760999999999998,-2.72299999999999986,-2.59462999999999999}
2016-02-08	WPL.AX	{2016-02-05,2016-02-04,2016-02-03,2016-02-02,2016-02-01}	{27.25,27.1400000000000006,25.6499999999999986,27,27.9100000000000001}	{-3.95861000000000018,-1.35458999999999996,2.98674999999999979,-1.77949000000000002,-2.48110000000000008}
2016-02-15	WFD.AX	{2016-02-12,2016-02-11,2016-02-10,2016-02-09,2016-02-08}	{9.5600000000000005,9.69999999999999929,9.42544999999999966,9.44509000000000043,9.77890999999999977}	{10.9132999999999996,6.77981999999999996,7.24803999999999959,6.29232000000000014,4.47665999999999986}
2016-02-15	WOW.AX	{2016-02-12,2016-02-11,2016-02-10,2016-02-09,2016-02-08}	{22.1700000000000017,22.5899999999999999,22.3500000000000014,23.1000000000000014,23.7600000000000016}	{4.82387999999999995,5.41115999999999975,6.54471000000000025,4.11273999999999962,1.41783999999999999}
2016-02-15	WPL.AX	{2016-02-12,2016-02-11,2016-02-10,2016-02-09,2016-02-08}	{26.6099999999999994,26.6799999999999997,26.4800000000000004,26.7300000000000004,27.4100000000000001}	{-0.797761000000000053,-1.27899999999999991,-0.780873999999999957,-3.76385000000000014,-5.24706000000000028}
2016-02-21	AMP.AX	{2016-02-19,2016-02-18,2016-02-17,2016-02-16,2016-02-15}	{5.45000000000000018,5.42999999999999972,5.17999999999999972,5.20999999999999996,5.20000000000000018}	{0.746927000000000008,2.59077000000000002,4.55093999999999976,1.08946999999999994,0.206135000000000013}
2016-02-21	ANZ.AX	{2016-02-19,2016-02-18,2016-02-17,2016-02-16,2016-02-15}	{23.3999999999999986,23.75,23.1400000000000006,23.2699999999999996,22.8399999999999999}	{-0.0346416000000000016,-0.219574999999999992,0.036288800000000003,-0.954004999999999992,-1.14966999999999997}
2016-02-21	^AXJO	{2016-02-19,2016-02-18,2016-02-17,2016-02-16,2016-02-15}	{4952.79980499999965,4992,4882.10009799999989,4910,4843.5}	{2.17167000000000021,2.63553000000000015,3.08522000000000007,1.99913000000000007,1.95246000000000008}
2016-02-21	BHP.AX	{2016-02-19,2016-02-18,2016-02-17,2016-02-16,2016-02-15}	{16.6099999999999994,16.9499999999999993,15.9800000000000004,16.5899999999999999,15.9800000000000004}	{0.286773,1.15196000000000009,4.72545999999999999,1.0073399999999999,1.82173000000000007}
2016-02-21	BXB.AX	{2016-02-19,2016-02-18,2016-02-17,2016-02-16,2016-02-15}	{11.0600000000000005,10.9800000000000004,10.7699999999999996,10.8200000000000003,10.6799999999999997}	{1.16273000000000004,2.97484999999999999,3.76154000000000011,2.9557199999999999,3.60164000000000017}
2016-02-21	CBA.AX	{2016-02-19,2016-02-18,2016-02-17,2016-02-16,2016-02-15}	{73.4300000000000068,74.2800000000000011,72.3299999999999983,72.5999999999999943,74.2999999999999972}	{0.469227000000000005,0.321309999999999985,0.74789300000000003,-0.000752627999999999978,-1.99133000000000004}
2016-02-21	CSL.AX	{2016-02-19,2016-02-18,2016-02-17,2016-02-16,2016-02-15}	{101.799999999999997,100.670000000000002,102.079999999999998,106,104.430000000000007}	{0.993774000000000046,4.01604000000000028,3.73023000000000016,-0.14691499999999999,0.504607999999999945}
2016-02-21	^GDAXI	{2016-02-19,2016-02-18,2016-02-17,2016-02-16,2016-02-15}	{9388.04980500000056,9463.63964800000031,9377.20996100000048,9135.11035199999969,9206.83984400000008}	{1.01644000000000001,-0.787464000000000053,-0.367047000000000012,0.843913000000000024,0.134606000000000003}
2016-02-21	IAG.AX	{2016-02-19,2016-02-18,2016-02-17,2016-02-16,2016-02-15}	{5.40000000000000036,5.33999999999999986,5.17999999999999972,5.25,5.16999999999999993}	{-0.943633000000000055,0.760537000000000019,2.43172999999999995,0.575826999999999978,0.240055999999999992}
2016-02-21	MQG.AX	{2016-02-19,2016-02-18,2016-02-17,2016-02-16,2016-02-15}	{63.8999999999999986,65.2199999999999989,62.6899999999999977,63.240000000000002,59.6700000000000017}	{2.49406999999999979,3.46301000000000014,6.06066000000000038,4.29830999999999985,9.31231999999999971}
2016-02-21	NAB.AX	{2016-02-19,2016-02-18,2016-02-17,2016-02-16,2016-02-15}	{25.620000000000001,26.1600000000000001,25.5199999999999996,24.9800000000000004,24.75}	{1.20374000000000003,0.0370055999999999996,0.101585999999999996,1.39277000000000006,1.04705000000000004}
2016-02-16	AMP.AX	{2016-02-12,2016-02-11,2016-02-10,2016-02-09}	{5.16999999999999993,5.19000000000000039,5.01999999999999957,5.05999999999999961}	{1.32523999999999997,0.368001000000000023,2.83103999999999978,-0.321711999999999998}
2016-02-16	ANZ.AX	{2016-02-12,2016-02-11,2016-02-10,2016-02-09}	{22.1799999999999997,22.7100000000000009,22.4200000000000017,22.7899999999999991}	{-2.26157999999999992,-2.87040000000000006,-0.0785000000000000003,-1.54618999999999995}
2016-02-16	^AXJO	{2016-02-12,2016-02-11,2016-02-10,2016-02-09}	{4765.29980499999965,4821.10009799999989,4775.70019500000035,4832.10009799999989}	{2.19871999999999979,0.965316999999999981,2.56824999999999992,0.160542999999999991}
2016-02-16	BHP.AX	{2016-02-12,2016-02-11,2016-02-10,2016-02-09}	{15.0899999999999999,15.2400000000000002,15.6500000000000004,16.0500000000000007}	{2.8262299999999998,0.266930999999999974,-0.21892700000000001,-1.94116}
2016-02-16	BXB.AX	{2016-02-12,2016-02-11,2016-02-10,2016-02-09}	{10.1999999999999993,10.2699999999999996,10.1500000000000004,10.2400000000000002}	{6.83117000000000019,5.43742000000000036,5.01579999999999959,3.4205000000000001}
2016-02-16	CBA.AX	{2016-02-12,2016-02-11,2016-02-10,2016-02-09}	{73.3299999999999983,74.2999999999999972,74.2000000000000028,72.8700000000000045}	{-0.338853000000000015,-0.859666000000000041,-0.0601582999999999979,-0.750140000000000029}
2016-02-16	CSL.AX	{2016-02-12,2016-02-11,2016-02-10,2016-02-09}	{103.299999999999997,103.549999999999997,101.519999999999996,102.579999999999998}	{1.60769999999999991,0.953559999999999963,1.48982999999999999,-1.13549999999999995}
2016-02-16	IAG.AX	{2016-02-12,2016-02-11,2016-02-10,2016-02-09}	{5.15000000000000036,5.20999999999999996,5.07000000000000028,5.23000000000000043}	{-0.991230999999999973,-1.44107999999999992,-0.515894999999999992,-4.70870999999999995}
2016-02-16	MQG.AX	{2016-02-12,2016-02-11,2016-02-10,2016-02-09}	{58.3400000000000034,60.5399999999999991,59.9299999999999997,60.6599999999999966}	{7.95455000000000023,6.38520999999999983,9.09310999999999936,4.75218999999999969}
2016-02-16	NAB.AX	{2016-02-12,2016-02-11,2016-02-10,2016-02-09}	{24.1400000000000006,24.6000000000000014,24.4200000000000017,24.8999999999999986}	{2.82907999999999982,4.05011999999999972,5.59466000000000019,4.05794999999999995}
2016-02-16	ORG.AX	{2016-02-12,2016-02-11,2016-02-10,2016-02-09}	{3.64000000000000012,3.68000000000000016,3.77000000000000002,3.81999999999999984}	{-3.96254000000000017,-6.68766000000000016,-4.83957999999999977,-11.6354000000000006}
2016-02-16	QBE.AX	{2016-02-12,2016-02-11,2016-02-10,2016-02-09}	{9.63000000000000078,9.75999999999999979,9.66999999999999993,9.9399999999999995}	{3.38148999999999988,2.73179999999999978,4.05067999999999984,1.40531000000000006}
2016-02-16	RIO.AX	{2016-02-12,2016-02-11,2016-02-10,2016-02-09}	{40.4699999999999989,40.990000000000002,41.509999999999998,42}	{2.23987999999999987,0.473368999999999984,-1.55337999999999998,-1.85569000000000006}
2016-02-16	SCG.AX	{2016-02-12,2016-02-11,2016-02-10,2016-02-09}	{4.34999999999999964,4.33999999999999986,4.34999999999999964,4.37000000000000011}	{4.03580000000000005,3.86087999999999987,3.30952000000000002,1.98014000000000001}
2016-02-16	SUN.AX	{2016-02-12,2016-02-11,2016-02-10,2016-02-09}	{11.0600000000000005,10.6999999999999993,10.6999999999999993,10.9000000000000004}	{1.69860000000000011,3.04535,4.11852000000000018,-0.503688000000000025}
2016-02-16	TLS.AX	{2016-02-12,2016-02-11,2016-02-10,2016-02-09}	{5.57000000000000028,5.53000000000000025,5.42999999999999972,5.61000000000000032}	{2.37679000000000018,3.06058999999999992,4.91242999999999963,0.554551000000000016}
2016-02-16	WBC.AX	{2016-02-12,2016-02-11,2016-02-10,2016-02-09}	{28.0599999999999987,28.7899999999999991,28.5300000000000011,28.6999999999999993}	{2.26039000000000012,0.853427000000000047,2.32940000000000014,1.11917}
2016-02-16	WES.AX	{2016-02-12,2016-02-11,2016-02-10,2016-02-09}	{42.4299999999999997,42.75,42.1199999999999974,42.8500000000000014}	{5.56784000000000034,4.12673999999999985,4.10282999999999998,1.58407000000000009}
2016-02-16	WFD.AX	{2016-02-12,2016-02-11,2016-02-10,2016-02-09}	{9.5600000000000005,9.69999999999999929,9.59999999999999964,9.61999999999999922}	{10.5151000000000003,6.31386000000000003,6.94291999999999998,5.96492999999999984}
2016-02-16	WOW.AX	{2016-02-12,2016-02-11,2016-02-10,2016-02-09}	{22.1700000000000017,22.5899999999999999,22.3500000000000014,23.1000000000000014}	{2.91502999999999979,3.26656000000000013,4.57626000000000044,2.2121599999999999}
2016-02-16	WPL.AX	{2016-02-12,2016-02-11,2016-02-10,2016-02-09}	{26.6099999999999994,26.6799999999999997,26.4800000000000004,26.7300000000000004}	{-2.55304999999999982,-2.88420999999999994,-2.03201000000000009,-5.12192000000000025}
2016-02-20	AMP.AX	{2016-02-19,2016-02-18,2016-02-17,2016-02-16,2016-02-15}	{5.45000000000000018,5.42999999999999972,5.17999999999999972,5.20999999999999996,5.20000000000000018}	{0.746927000000000008,2.59077000000000002,4.55093999999999976,1.08946999999999994,0.206135000000000013}
2016-02-20	ANZ.AX	{2016-02-19,2016-02-18,2016-02-17,2016-02-16,2016-02-15}	{23.3999999999999986,23.75,23.1400000000000006,23.2699999999999996,22.8399999999999999}	{-0.0346416000000000016,-0.219574999999999992,0.036288800000000003,-0.954004999999999992,-1.14966999999999997}
2016-02-20	^AXJO	{2016-02-19,2016-02-18,2016-02-17,2016-02-16,2016-02-15}	{4952.79980499999965,4992,4882.10009799999989,4910,4843.5}	{2.17167000000000021,2.63553000000000015,3.08522000000000007,1.99913000000000007,1.95246000000000008}
2016-02-20	BHP.AX	{2016-02-19,2016-02-18,2016-02-17,2016-02-16,2016-02-15}	{16.6099999999999994,16.9499999999999993,15.9800000000000004,16.5899999999999999,15.9800000000000004}	{0.286773,1.15196000000000009,4.72545999999999999,1.0073399999999999,1.82173000000000007}
2016-02-20	BXB.AX	{2016-02-19,2016-02-18,2016-02-17,2016-02-16,2016-02-15}	{11.0600000000000005,10.9800000000000004,10.7699999999999996,10.8200000000000003,10.6799999999999997}	{1.16273000000000004,2.97484999999999999,3.76154000000000011,2.9557199999999999,3.60164000000000017}
2016-02-20	CBA.AX	{2016-02-19,2016-02-18,2016-02-17,2016-02-16,2016-02-15}	{73.4300000000000068,74.2800000000000011,72.3299999999999983,72.5999999999999943,74.2999999999999972}	{0.469227000000000005,0.321309999999999985,0.74789300000000003,-0.000752627999999999978,-1.99133000000000004}
2016-02-20	CSL.AX	{2016-02-19,2016-02-18,2016-02-17,2016-02-16,2016-02-15}	{101.799999999999997,100.670000000000002,102.079999999999998,106,104.430000000000007}	{0.993774000000000046,4.01604000000000028,3.73023000000000016,-0.14691499999999999,0.504607999999999945}
2016-02-20	^GDAXI	{2016-02-19,2016-02-18,2016-02-17,2016-02-16,2016-02-15}	{9388.04980500000056,9463.63964800000031,9377.20996100000048,9135.11035199999969,9206.83984400000008}	{1.01644000000000001,-0.787464000000000053,-0.367047000000000012,0.843913000000000024,0.134606000000000003}
2016-02-20	IAG.AX	{2016-02-19,2016-02-18,2016-02-17,2016-02-16,2016-02-15}	{5.40000000000000036,5.33999999999999986,5.17999999999999972,5.25,5.16999999999999993}	{-0.943633000000000055,0.760537000000000019,2.43172999999999995,0.575826999999999978,0.240055999999999992}
2016-02-20	MQG.AX	{2016-02-19,2016-02-18,2016-02-17,2016-02-16,2016-02-15}	{63.8999999999999986,65.2199999999999989,62.6899999999999977,63.240000000000002,59.6700000000000017}	{2.49406999999999979,3.46301000000000014,6.06066000000000038,4.29830999999999985,9.31231999999999971}
2016-02-20	NAB.AX	{2016-02-19,2016-02-18,2016-02-17,2016-02-16,2016-02-15}	{25.620000000000001,26.1600000000000001,25.5199999999999996,24.9800000000000004,24.75}	{1.20374000000000003,0.0370055999999999996,0.101585999999999996,1.39277000000000006,1.04705000000000004}
2016-02-20	ORG.AX	{2016-02-19,2016-02-18,2016-02-17,2016-02-16,2016-02-15}	{4.11000000000000032,4.23000000000000043,3.89000000000000012,3.95999999999999996,3.70000000000000018}	{-3.44154999999999989,-2.42645,2.1530800000000001,-3.52543000000000006,-1.22940000000000005}
2016-02-20	QBE.AX	{2016-02-19,2016-02-18,2016-02-17,2016-02-16,2016-02-15}	{10.1899999999999995,10.2400000000000002,9.9399999999999995,10.0099999999999998,9.6899999999999995}	{-0.598852000000000051,0.213765000000000011,2.69424999999999981,1.08176000000000005,1.52263999999999999}
2016-02-20	RIO.AX	{2016-02-19,2016-02-18,2016-02-17,2016-02-16,2016-02-15}	{42.6199999999999974,43.3999999999999986,42.1099999999999994,43.2000000000000028,42.2199999999999989}	{2.06336999999999993,0.185035000000000005,1.91443999999999992,-0.896483999999999948,-0.348860999999999977}
2016-02-20	SCG.AX	{2016-02-19,2016-02-18,2016-02-17,2016-02-16,2016-02-15}	{4.50999999999999979,4.51999999999999957,4.44000000000000039,4.54000000000000004,4.40000000000000036}	{1.32905999999999991,2.73851000000000022,4.18226000000000031,0.801559000000000021,2.87828000000000017}
2016-02-20	SUN.AX	{2016-02-17,2016-02-16,2016-02-15}	{11.4499999999999993,11.4600000000000009,10.9700000000000006}	{1.09305000000000008,0.487906000000000006,4.81970999999999972}
2016-02-20	TLS.AX	{2016-02-19,2016-02-18,2016-02-17,2016-02-16,2016-02-15}	{5.28000000000000025,5.40000000000000036,5.37000000000000011,5.41999999999999993,5.44000000000000039}	{6.41176999999999975,6.57477,6.01722000000000001,5.42276999999999987,5.77060999999999957}
2016-02-20	WBC.AX	{2016-02-19,2016-02-18,2016-02-17,2016-02-16,2016-02-15}	{29.7800000000000011,29.9800000000000004,29.1700000000000017,28.9699999999999989,28.629999999999999}	{1.25429999999999997,1.38640000000000008,1.77441000000000004,0.784278999999999948,1.26044}
2016-02-20	WES.AX	{2016-02-19,2016-02-18,2016-02-17,2016-02-16,2016-02-15}	{43.4299999999999997,43.7800000000000011,43.0300000000000011,43.1300000000000026,42.7999999999999972}	{1.63552999999999993,2.32222999999999979,4.42312999999999956,4.13577999999999957,3.51585999999999999}
2016-02-20	WFD.AX	{2016-02-19,2016-02-18,2016-02-17,2016-02-16,2016-02-15}	{9.63000000000000078,9.74000000000000021,9.63000000000000078,9.80000000000000071,9.72000000000000064}	{8.5546799999999994,9.05047000000000068,8.31994000000000078,5.96694000000000013,7.30583999999999989}
2016-02-20	WOW.AX	{2016-02-19,2016-02-18,2016-02-17,2016-02-16,2016-02-15}	{22.9499999999999993,23.1000000000000014,22.7199999999999989,22.8299999999999983,22.5}	{2.10297000000000001,2.19245000000000001,2.62351000000000001,2.02949000000000002,2.71708000000000016}
2016-02-20	WPL.AX	{2016-02-19,2016-02-18,2016-02-17,2016-02-16,2016-02-15}	{28.1000000000000014,28.75,27.4899999999999984,29.5399999999999991,27.9499999999999993}	{-4.24650000000000016,-4.19725000000000037,0.264044999999999974,-8.95777000000000001,-5.38340999999999958}
2016-02-21	ORG.AX	{2016-02-19,2016-02-18,2016-02-17,2016-02-16,2016-02-15}	{4.11000000000000032,4.23000000000000043,3.89000000000000012,3.95999999999999996,3.70000000000000018}	{-3.44154999999999989,-2.42645,2.1530800000000001,-3.52543000000000006,-1.22940000000000005}
2016-02-21	QBE.AX	{2016-02-19,2016-02-18,2016-02-17,2016-02-16,2016-02-15}	{10.1899999999999995,10.2400000000000002,9.9399999999999995,10.0099999999999998,9.6899999999999995}	{-0.598852000000000051,0.213765000000000011,2.69424999999999981,1.08176000000000005,1.52263999999999999}
2016-02-21	RIO.AX	{2016-02-19,2016-02-18,2016-02-17,2016-02-16,2016-02-15}	{42.6199999999999974,43.3999999999999986,42.1099999999999994,43.2000000000000028,42.2199999999999989}	{2.06336999999999993,0.185035000000000005,1.91443999999999992,-0.896483999999999948,-0.348860999999999977}
2016-02-21	SCG.AX	{2016-02-19,2016-02-18,2016-02-17,2016-02-16,2016-02-15}	{4.50999999999999979,4.51999999999999957,4.44000000000000039,4.54000000000000004,4.40000000000000036}	{1.32905999999999991,2.73851000000000022,4.18226000000000031,0.801559000000000021,2.87828000000000017}
2016-02-21	SUN.AX	{2016-02-17,2016-02-16,2016-02-15}	{11.4499999999999993,11.4600000000000009,10.9700000000000006}	{1.09305000000000008,0.487906000000000006,4.81970999999999972}
2016-02-21	TLS.AX	{2016-02-19,2016-02-18,2016-02-17,2016-02-16,2016-02-15}	{5.28000000000000025,5.40000000000000036,5.37000000000000011,5.41999999999999993,5.44000000000000039}	{6.41176999999999975,6.57477,6.01722000000000001,5.42276999999999987,5.77060999999999957}
2016-02-21	WBC.AX	{2016-02-19,2016-02-18,2016-02-17,2016-02-16,2016-02-15}	{29.7800000000000011,29.9800000000000004,29.1700000000000017,28.9699999999999989,28.629999999999999}	{1.25429999999999997,1.38640000000000008,1.77441000000000004,0.784278999999999948,1.26044}
2016-02-21	WES.AX	{2016-02-19,2016-02-18,2016-02-17,2016-02-16,2016-02-15}	{43.4299999999999997,43.7800000000000011,43.0300000000000011,43.1300000000000026,42.7999999999999972}	{1.63552999999999993,2.32222999999999979,4.42312999999999956,4.13577999999999957,3.51585999999999999}
2016-02-21	WFD.AX	{2016-02-19,2016-02-18,2016-02-17,2016-02-16,2016-02-15}	{9.63000000000000078,9.74000000000000021,9.63000000000000078,9.80000000000000071,9.72000000000000064}	{8.5546799999999994,9.05047000000000068,8.31994000000000078,5.96694000000000013,7.30583999999999989}
2016-02-21	WOW.AX	{2016-02-19,2016-02-18,2016-02-17,2016-02-16,2016-02-15}	{22.9499999999999993,23.1000000000000014,22.7199999999999989,22.8299999999999983,22.5}	{2.10297000000000001,2.19245000000000001,2.62351000000000001,2.02949000000000002,2.71708000000000016}
2016-02-21	WPL.AX	{2016-02-19,2016-02-18,2016-02-17,2016-02-16,2016-02-15}	{28.1000000000000014,28.75,27.4899999999999984,29.5399999999999991,27.9499999999999993}	{-4.24650000000000016,-4.19725000000000037,0.264044999999999974,-8.95777000000000001,-5.38340999999999958}
\.


--
-- TOC entry 1931 (class 2606 OID 41894)
-- Name: PK_instrument; Type: CONSTRAINT; Schema: public; Owner: postgres; Tablespace: 
--

ALTER TABLE ONLY downloadinstruments
    ADD CONSTRAINT "PK_instrument" PRIMARY KEY (instrument);


--
-- TOC entry 1935 (class 2606 OID 12555323)
-- Name: pk_dataminestocks_py; Type: CONSTRAINT; Schema: public; Owner: postgres; Tablespace: 
--

ALTER TABLE ONLY dataminestocks_py
    ADD CONSTRAINT pk_dataminestocks_py PRIMARY KEY (stockname);


--
-- TOC entry 1937 (class 2606 OID 12566080)
-- Name: predictions_pkey; Type: CONSTRAINT; Schema: public; Owner: postgres; Tablespace: 
--

ALTER TABLE ONLY predictions
    ADD CONSTRAINT predictions_pkey PRIMARY KEY (rundate, stockname);


--
-- TOC entry 1932 (class 1259 OID 23019603)
-- Name: dataminestocks_py_active_idx; Type: INDEX; Schema: public; Owner: postgres; Tablespace: 
--

CREATE INDEX dataminestocks_py_active_idx ON dataminestocks_py USING btree (active);


--
-- TOC entry 1933 (class 1259 OID 23019601)
-- Name: dataminestocks_py_stockname_idx; Type: INDEX; Schema: public; Owner: postgres; Tablespace: 
--

CREATE INDEX dataminestocks_py_stockname_idx ON dataminestocks_py USING btree (stockname);


-- Completed on 2016-02-22 22:21:13 AEDT

--
-- PostgreSQL database dump complete
--

